date, pm25, pm10, o3, no2, co
2021/10/1, 22, 28, 32, 7, 104
2021/10/2, 27, 30, 51, 11, 51
2021/10/3, 32, 30, 51, 12, 
2021/10/4, 34, 29, 51, 14, 
2021/10/5, 31, 26, 50, 13, 104
2021/10/6, 28, 27, 50, 13, 
2021/10/7, 28, 31, 48, 12, 51
2021/10/8, 34, 34, 48, , 
2021/10/9, 28, 17, 32, 12, 
2021/10/10, 22, 22, 61, 12, 
2021/10/11, 25, 25, 61, 10, 104
2021/10/12, 28, 39, 55, 10, 
2021/10/13, 40, 57, 55, 14, 
2021/10/14, 52, 55, 59, 13, 
2021/10/15, 60, 58, 59, 11, 51
2021/10/16, 61, 35, 51, 12, 104
2021/10/17, 42, 48, 57, 14, 51
2021/10/18, 51, 70, 57, 13, 51
2021/10/19, 70, 60, 67, 11, 51
2021/10/20, 61, 61, 73, 11, 51
2021/10/21, 61, 58, 61, 11, 51
2021/10/22, 58, 50, 76, 13, 51
2021/10/23, 51, 59, 76, 13, 51
2021/10/24, 58, 55, 55, 11, 51
2021/10/25, 56, 49, 55, 13, 51
2021/10/26, 50, 53, 69, 14, 
2021/10/27, 53, 78, 69, 12, 51
2021/10/28, 77, 87, 65, 12, 51
2021/10/29, 86, 77, 65, 12, 
2021/10/30, 75, 84, 63, 13, 51
2021/10/31, 83, 90, 84, 10, 51
2021/11/1, 89, 84, 84, 11, 
2021/11/2, 83, 79, 63, 13, 
2021/11/3, 78, 77, , 14, 
2021/11/4, 76, 60, 55, 14, 104
2021/11/5, 60, 53, 57, , 
2021/11/6, 53, 57, 57, 14, 
2021/11/7, 57, 61, 75, 13, 51
2021/11/8, 61, 79, 75, , 
2021/11/9, 77, 81, 73, 11, 51
2021/11/10, 80, 88, 73, 12, 51
2021/11/11, 87, 95, 73, 12, 51
2021/11/12, 94, 94, 73, 12, 51
2021/11/13, 92, 92, 67, 12, 51
2021/11/14, 90, 92, 67, 12, 
2021/11/15, 90, , , , 
2021/7/1, 31, 37, 55, 12, 
2021/7/2, 33, 35, 55, 12, 104
2021/7/3, 32, 37, 168, 13, 
2021/7/4, 38, 34, 168, 12, 104
2021/7/5, 33, 37, 63, 13, 
2021/7/6, 41, 43, 63, 14, 
2021/7/7, 43, 38, 60, 11, 51
2021/7/8, 39, 27, 57, 11, 51
2021/7/9, 29, 29, 55, 14, 51
2021/7/10, 31, 35, 55, 13, 51
2021/7/11, 36, 38, 61, 12, 
2021/7/12, 38, 23, 61, 10, 
2021/7/14, 17, 14, 53, 12, 51
2021/7/15, 17, 25, 50, 27, 51
2021/7/16, 40, 33, 55, 37, 51
2021/7/17, 32, 31, 63, 14, 51
2021/7/18, 35, 27, 63, 12, 51
2021/7/19, 41, 16, 10, 11, 51
2021/7/20, 17, 17, 38, 11, 51
2021/7/21, 22, 18, , 10, 
2021/7/22, 22, 19, 32, 10, 51
2021/7/23, 22, 17, 50, 12, 
2021/7/24, 22, 16, 50, 12, 51
2021/7/25, 18, 20, , 12, 
2021/7/26, 26, 24, 44, 12, 
2021/7/27, 24, 20, 44, 10, 51
2021/7/28, 23, 27, 46, 9, 51
2021/7/29, 27, 23, 50, 10, 51
2021/7/30, 26, 21, 50, 11, 51
2021/7/31, 24, 18, 44, 14, 51
2021/8/1, 23, 19, 55, 11, 
2021/8/2, 24, 19, 59, 10, 
2021/8/3, 23, 19, 59, 11, 
2021/8/4, 23, 23, 46, 9, 51
2021/8/5, 25, 21, 46, 14, 51
2021/8/6, 24, 31, 57, 13, 51
2021/8/7, 34, 27, 57, 14, 
2021/8/8, 36, 23, 44, 14, 
2021/8/9, 23, 33, 50, 11, 51
2021/8/10, 43, 31, 61, 12, 
2021/8/11, 36, 27, 61, 12, 
2021/8/12, 26, 31, 63, 11, 
2021/8/13, 30, 30, 63, 12, 
2021/8/14, 33, 31, 53, 13, 51
2021/8/15, 34, 27, 50, 12, 51
2021/8/16, 30, 25, 50, 10, 
2021/8/17, 29, 25, 36, 11, 
2021/8/18, 28, 20, 40, 12, 51
2021/8/19, 23, 20, 34, 13, 51
2021/8/20, 24, 19, 36, 12, 
2021/8/21, 23, 19, 34, 10, 51
2021/8/22, 23, 23, 53, 11, 51
2021/8/23, 25, 24, 57, 13, 51
2021/8/24, 26, 22, 57, 12, 
2021/8/25, 25, 21, 53, 11, 51
2021/8/26, 24, 20, 61, 14, 
2021/8/27, 23, 22, 61, 13, 51
2021/8/28, 25, 26, 57, 10, 
2021/8/29, 29, 30, 46, 12, 
2021/8/30, 33, 30, 46, 13, 
2021/8/31, 36, 27, 30, 12, 
2021/9/1, 32, 23, 48, 10, 51
2021/9/2, 25, 22, 55, 10, 51
2021/9/3, 23, 24, 55, 12, 51
2021/9/4, 25, 20, 40, 13, 51
2021/9/5, 23, 20, 36, 12, 51
2021/9/6, 24, 29, 36, 12, 51
2021/9/7, 29, 20, 61, 11, 104
2021/9/8, 28, 26, 61, 12, 
2021/9/9, 30, 30, 38, 12, 51
2021/9/10, 33, 25, 51, 12, 56
2021/9/11, 33, 25, 51, 11, 
2021/9/12, 27, 18, 50, 9, 104
2021/9/13, 27, 25, 36, 10, 104
2021/9/14, 38, 47, 36, 10, 104
2021/9/15, 48, 50, 51, 12, 104
2021/9/16, 51, 46, 59, 12, 
2021/9/17, 47, 36, 59, 11, 77
2021/9/18, 40, 26, 51, 12, 51
2021/9/19, 32, 13, 57, 12, 104
2021/9/20, 28, 18, 57, 12, 
2021/9/21, 22, 16, 36, 12, 
2021/9/22, 22, 16, 36, 12, 
2021/9/23, 22, 26, 40, 11, 104
2021/9/24, 29, 33, 48, 12, 
2021/9/25, 38, 28, 48, 12, 51
2021/9/26, 28, 25, 46, 12, 
2021/9/27, 28, 20, 51, 11, 104
2021/9/28, 24, 19, 51, 11, 104
2021/9/29, 23, 15, 26, 7, 51
2021/9/30, 21, 13, 10, , 
2021/4/1, 74, 64, 88, 14, 51
2021/4/2, 70, 71, 76, 14, 51
2021/4/3, 75, 62, 90, 16, 51
2021/4/4, 67, 56, 96, 14, 
2021/4/5, 59, 62, 96, 14, 51
2021/4/6, 67, 71, 84, , 
2021/4/7, 76, 72, 63, 17, 51
2021/4/8, 76, 68, 82, 17, 51
2021/4/9, 74, 63, 82, 17, 51
2021/4/10, 67, 67, 65, 16, 51
2021/4/11, 69, 63, 90, 12, 51
2021/4/12, 68, 54, 90, 13, 
2021/4/13, 65, 56, 73, 14, 51
2021/4/14, 64, 64, 73, , 
2021/4/15, 68, 59, 88, 14, 51
2021/4/16, 65, 56, 92, 14, 
2021/4/17, 66, 62, 92, 17, 51
2021/4/18, 69, 55, 88, 12, 51
2021/4/19, 61, 52, 88, 12, 51
2021/4/20, 58, 54, 92, 12, 
2021/4/21, 57, 45, 92, 13, 51
2021/4/22, 50, 45, 86, 14, 
2021/4/23, 53, 45, 88, 14, 
2021/4/24, 50, 49, 92, 12, 
2021/4/25, 52, 51, 92, 12, 51
2021/4/26, 54, 54, 86, 12, 51
2021/4/27, 58, 51, 92, 12, 
2021/4/28, 52, 49, 92, 14, 51
2021/4/29, 52, 53, 90, 14, 51
2021/4/30, 60, 48, 90, 31, 51
2021/5/1, 52, 48, 92, 29, 51
2021/5/2, 47, 49, 92, , 
2021/5/3, 54, 51, 88, 17, 104
2021/5/4, 57, 60, 92, , 
2021/5/5, 64, 58, 92, , 
2021/5/6, 61, 51, 96, 17, 104
2021/5/7, 54, 52, 96, , 
2021/5/8, 55, 59, 90, , 
2021/5/9, 62, 54, 90, 14, 
2021/5/10, 58, 43, 94, 14, 104
2021/5/11, 47, 43, 94, , 
2021/5/12, 49, 39, 84, 12, 77
2021/5/13, 43, 33, 82, 13, 104
2021/5/14, 34, 34, 82, 14, 
2021/5/15, 30, 39, 10, 12, 51
2021/5/16, 42, 35, 50, 12, 104
2021/5/17, 35, 27, 63, 12, 
2021/5/18, 27, 29, 69, 10, 
2021/5/19, 28, 36, 76, 11, 
2021/5/20, 35, 44, 76, 12, 104
2021/5/21, 49, 40, 69, 12, 
2021/5/22, 45, 37, 80, 12, 
2021/5/23, 38, 43, 80, 12, 104
2021/5/24, 45, 44, 82, 14, 
2021/5/25, 46, 42, 82, 12, 104
2021/5/26, 45, 44, 80, 12, 51
2021/5/27, 46, 36, 82, 12, 104
2021/5/28, 43, 36, 84, 12, 104
2021/5/29, 39, 36, 84, 12, 
2021/5/30, 38, 34, 80, 12, 51
2021/5/31, 37, 37, 71, 14, 
2021/6/1, 38, 40, 64, 13, 60
2021/6/2, 47, 33, 79, 20, 73
2021/6/3, 33, 32, 70, 18, 72
2021/6/4, 34, 34, 61, 25, 82
2021/6/5, 33, 37, 51, 17, 81
2021/6/6, 34, 36, 59, 13, 79
2021/6/7, 37, 35, 61, 12, 84
2021/6/8, 37, 30, 61, 12, 85
2021/6/9, 35, 20, 55, 12, 
2021/6/10, 27, 24, 59, 12, 51
2021/6/11, 27, 29, 59, 12, 51
2021/6/12, 25, 27, 63, 12, 
2021/6/13, 26, 28, 63, 11, 51
2021/6/14, 27, 31, 46, 12, 
2021/6/15, 31, 31, 59, 12, 51
2021/6/16, 30, 28, 63, 12, 51
2021/6/17, 28, 26, 63, 14, 51
2021/6/18, 25, 30, 53, 14, 51
2021/6/19, 29, 30, 44, 12, 51
2021/6/20, 33, 32, 67, 12, 51
2021/6/21, 32, 36, 67, 12, 51
2021/6/22, 38, 34, 55, 12, 51
2021/6/23, 37, 31, 55, 12, 
2021/6/24, 38, 32, 168, 14, 
2021/6/25, 38, 36, 168, 12, 51
2021/6/26, 36, 30, 57, 13, 
2021/6/27, 30, 28, 55, 12, 51
2021/6/28, 25, 33, 55, 12, 51
2021/6/29, 29, 31, 53, 12, 51
2021/6/30, 28, 35, 53, 12, 51
2021/1/4, 82, 93, 63, , 
2021/1/5, 76, 87, 18, 26, 104
2021/1/6, 72, 81, 65, 21, 104
2021/1/7, 67, 59, 65, 21, 104
2021/1/8, 53, 38, 57, , 
2021/1/9, 39, 59, 55, 24, 104
2021/1/10, 51, 62, 76, 20, 104
2021/1/11, 52, 57, 76, 26, 104
2021/1/12, 48, 66, 67, , 
2021/1/13, 56, 62, 73, 21, 104
2021/1/14, 52, 60, 78, , 
2021/1/15, 51, 63, 84, 24, 104
2021/1/16, 53, 69, 84, 24, 104
2021/1/17, 57, 73, 84, 22, 104
2021/1/18, 60, 80, 75, 22, 104
2021/1/19, 66, 78, 73, 20, 104
2021/1/20, 64, 56, 73, 17, 104
2021/1/21, 47, 44, 78, , 
2021/1/22, 39, 71, 78, 31, 
2021/1/23, 58, 85, 84, 30, 104
2021/1/24, 69, 78, 84, 17, 51
2021/1/25, 64, 79, 75, 24, 51
2021/1/26, 65, 74, 73, , 
2021/1/27, 62, 76, 78, 21, 51
2021/1/28, 64, 83, 78, 21, 51
2021/1/29, 69, 84, 71, 24, 51
2021/1/30, 69, 78, 84, 26, 77
2021/1/31, 64, 79, 84, 29, 51
2021/2/1, 64, 87, 78, , 147
2021/2/2, 71, 83, 78, 41, 138
2021/2/3, 69, 80, 67, 40, 51
2021/2/4, 66, 79, 78, 37, 51
2021/2/5, 64, 79, 84, , 
2021/2/6, 65, 77, 84, , 
2021/2/7, 63, 79, 84, 26, 51
2021/2/8, 64, 97, 84, 31, 
2021/2/9, 77, 95, 84, 34, 51
2021/2/10, 76, 83, 84, 37, 51
2021/2/11, 68, 84, 88, 36, 
2021/2/12, 69, 92, 88, 35, 51
2021/2/13, 76, 98, 76, 35, 
2021/2/14, 81, 104, 75, 38, 
2021/2/15, 87, 93, 88, 19, 51
2021/2/16, 80, 76, 88, , 
2021/2/17, 64, 78, 86, 21, 51
2021/2/18, 65, 62, 86, 17, 51
2021/2/19, 52, 58, 78, 21, 51
2021/2/20, 53, 60, 84, , 
2021/2/21, 53, 73, 84, 26, 51
2021/2/22, 58, 73, 92, 34, 51
2021/2/23, 66, 70, 92, 35, 51
2021/2/24, 65, 71, 90, 21, 51
2021/2/25, 62, 69, 88, 21, 51
2021/2/26, 64, 59, 87, 26, 51
2021/2/27, 59, 68, 86, , 
2021/2/28, 64, 67, 92, 21, 51
2021/3/1, 62, 81, 92, 24, 51
2021/3/2, 80, 79, 88, , 
2021/3/3, 77, 55, 90, 43, 51
2021/3/4, 56, 56, 92, 39, 51
2021/3/5, 62, 57, 92, , 
2021/3/6, 65, 62, 86, 21, 51
2021/3/7, 65, 64, 90, , 
2021/3/8, 74, 68, 100, 24, 51
2021/3/9, 75, 68, 100, , 
2021/3/10, 79, 72, 90, 21, 51
2021/3/11, 84, 71, 82, 24, 51
2021/3/12, 76, 78, 82, , 
2021/3/13, 78, 69, 92, , 
2021/3/14, 73, 55, 92, 21, 51
2021/3/15, 60, 71, 88, 24, 51
2021/3/16, 71, 87, 90, , 
2021/3/17, 88, 86, 90, 21, 51
2021/3/18, 86, 75, 84, 19, 51
2021/3/19, 76, 68, 90, 31, 51
2021/3/20, 69, 73, 90, 24, 51
2021/3/21, 72, 91, 88, , 
2021/3/22, 92, 80, 86, 31, 
2021/3/23, 86, 82, 86, 30, 51
2021/3/24, 88, 84, 84, 22, 51
2021/3/25, 88, 87, 84, , 
2021/3/26, 88, 92, 96, 32, 51
2021/3/27, 97, 87, 96, 32, 51
2021/3/28, 92, 98, 84, , 
2021/3/29, 129, 79, 75, 12, 51
2021/3/30, 98, 70, 96, 16, 51
2021/3/31, 77, 68, 96, 19, 51
2020/10/1, 35, 37, 55, 12, 51
2020/10/2, 37, 39, 55, 12, 51
2020/10/3, 40, 36, 55, 13, 51
2020/10/4, 38, 33, 53, 11, 51
2020/10/5, 35, 35, 59, 11, 51
2020/10/6, 36, 44, 59, 12, 51
2020/10/7, 45, 53, 59, 14, 51
2020/10/8, 53, 53, 48, 15, 51
2020/10/9, 53, 53, 59, 13, 51
2020/10/10, 52, 43, 59, 14, 51
2020/10/11, 44, 44, 63, 17, 51
2020/10/12, 45, 46, 63, 14, 51
2020/10/13, 47, 33, 63, 14, 51
2020/10/14, 35, 28, 59, 17, 51
2020/10/15, 29, 17, 53, 15, 51
2020/10/16, 19, 24, 57, 14, 51
2020/10/17, 25, 31, 57, 12, 51
2020/10/18, 33, 28, 61, 12, 51
2020/10/19, 30, 27, 61, 12, 51
2020/10/20, 29, 32, 59, 13, 51
2020/10/21, 34, 35, 59, 14, 
2020/10/22, 38, 39, 55, 17, 51
2020/10/23, 40, 37, 57, 24, 51
2020/10/24, 38, 40, 57, 20, 51
2020/10/25, 41, 36, 16, 12, 51
2020/10/26, 44, 45, 30, 12, 
2020/10/27, 55, 52, 59, 14, 51
2020/10/28, 54, 43, 59, 14, 51
2020/10/29, 45, 44, 59, 17, 51
2020/10/30, 46, 41, 59, , 
2020/10/31, 43, 37, 16, 19, 51
2020/11/1, 39, 70, 65, 19, 51
2020/11/2, 56, 85, 65, 24, 51
2020/11/3, 83, 89, 59, , 
2020/11/4, 88, 79, 44, 24, 51
2020/11/5, 78, 74, , , 
2020/11/6, 74, 68, 55, 21, 51
2020/11/7, 68, 63, 55, 19, 51
2020/11/8, 63, 74, 65, 25, 51
2020/11/9, 73, 83, 65, 31, 
2020/11/10, 82, 87, 73, 30, 51
2020/11/11, 86, 89, 73, 30, 51
2020/11/12, 88, 76, 44, 26, 51
2020/11/13, 75, 57, 84, , 
2020/11/14, 58, 91, 86, 19, 51
2020/11/15, 114, 96, 86, 19, 51
2020/11/16, 110, 61, 76, 21, 51
2020/11/17, 51, 51, 61, 21, 51
2020/11/18, 44, 44, 69, , 
2020/11/19, 39, 38, 69, 17, 51
2020/11/20, 35, 31, 63, 19, 51
2020/11/21, 27, 33, 63, 24, 51
2020/11/22, 31, 47, 67, 14, 51
2020/11/23, 42, 55, 67, 19, 51
2020/11/24, 47, 64, 73, , 
2020/11/25, 54, 73, 73, 31, 
2020/11/26, 60, 69, 67, 31, 
2020/11/27, 57, 62, 64, , 
2020/11/28, 51, 50, 63, 19, 51
2020/11/29, 43, 49, 65, 22, 51
2020/11/30, 43, 59, 65, 24, 51
2020/12/1, 49, 69, 65, , 
2020/12/2, 57, 72, 67, 21, 51
2020/12/3, 60, 80, 67, 33, 
2020/12/4, 66, 87, 69, 34, 51
2020/12/5, 71, 91, 69, 32, 104
2020/12/6, 73, 85, 67, 32, 51
2020/12/7, 74, 72, 67, 30, 51
2020/12/8, 60, 65, 71, 29, 51
2020/12/9, 55, 65, 71, 33, 51
2020/12/10, 54, 61, 65, 32, 51
2020/12/11, 51, 79, 57, 34, 
2020/12/12, 65, 85, 45, 33, 
2020/12/13, 70, 77, 48, , 
2020/12/14, 64, 91, 48, 29, 51
2020/12/15, 75, 83, 61, 28, 51
2020/12/16, 68, 69, 61, 24, 51
2020/12/17, 58, 72, 55, 26, 51
2020/12/18, 62, 94, 61, , 
2020/12/19, 80, 101, 61, , 
2020/12/20, 84, 85, 73, 26, 51
2020/12/21, 70, 80, 73, 34, 
2020/12/22, 66, 100, 69, 36, 51
2020/12/23, 82, 104, 69, 36, 
2020/12/24, 86, 103, 58, 36, 51
2020/12/25, 85, 102, 69, 35, 51
2020/12/26, 84, 103, 69, 32, 
2020/12/27, 85, 96, 75, 32, 51
2020/12/28, 80, 75, 75, 24, 51
2020/12/29, 62, 80, 71, 19, 51
2020/12/30, 65, 100, 71, 25, 55
2020/12/31, 83, 106, 69, 29, 104
2021/1/1, 89, 93, 69, , 
2021/1/2, 76, 97, 67, 30, 104
2021/1/3, 80, 98, 63, 30, 104
2020/7/1, 14, 16, 59, 8, 36
2020/7/2, 15, 16, 63, , 
2020/7/4, 15, 17, 63, 9, 39
2020/7/5, 17, 24, 63, , 
2020/7/6, 28, 26, 50, , 
2020/7/7, 25, 21, 48, 10, 51
2020/7/8, 21, 21, 46, 10, 51
2020/7/9, 21, 23, 55, , 
2020/7/10, 22, 27, 59, , 
2020/7/11, 25, 21, 59, , 
2020/7/12, 28, 19, 57, 7, 51
2020/7/13, 29, 18, 61, 7, 51
2020/7/14, 17, 16, 61, , 
2020/7/19, 22, 23, 57, , 
2020/7/20, 22, 26, 63, , 
2020/7/21, 25, 26, 65, , 
2020/7/22, 24, 22, 65, 10, 51
2020/7/23, 22, 18, 44, 10, 
2020/7/25, 20, 19, 55, 11, 
2020/7/27, 17, 17, 61, 7, 51
2020/7/28, 17, 19, 61, 10, 51
2020/7/29, 20, 22, 53, 10, 51
2020/7/30, 20, 19, 57, 10, 51
2020/7/31, 18, 18, 61, , 
2020/8/1, 18, 20, 61, 13, 
2020/8/2, 22, 17, 51, 12, 51
2020/8/3, 20, 15, 51, , 
2020/8/5, 15, 16, 16, 7, 51
2020/8/6, 17, 18, 53, 7, 51
2020/8/7, 18, 20, 55, , 
2020/8/9, 26, 30, , , 
2020/8/10, 28, 30, 51, , 
2020/8/11, 28, 25, 55, 10, 51
2020/8/12, 23, 22, 55, 10, 51
2020/8/13, 24, 18, 34, , 
2020/8/14, 25, 18, 48, , 
2020/8/16, 22, 23, 57, 10, 
2020/8/17, 22, 21, 51, 10, 51
2020/8/18, 21, 21, 51, , 
2020/8/20, 18, 18, 48, 10, 51
2020/8/21, 17, 18, 53, 10, 
2020/8/24, 19, 19, 59, 10, 51
2020/8/25, 18, 22, 59, , 
2020/8/26, 24, 24, 57, 10, 51
2020/8/27, 23, 21, 57, 10, 
2020/8/28, 21, 18, 55, 10, 51
2020/8/29, 18, 22, 46, 12, 
2020/8/30, 25, 27, 55, 12, 
2020/8/31, 25, 24, 57, 12, 
2020/9/1, 23, 23, 63, 10, 51
2020/9/2, 22, 30, 63, 11, 51
2020/9/3, 28, 35, 59, 13, 51
2020/9/4, 33, 37, 63, 12, 51
2020/9/5, 35, 34, 63, 13, 51
2020/9/6, 31, 29, 57, 14, 51
2020/9/7, 28, 26, 59, 14, 51
2020/9/8, 25, 30, 59, 14, 51
2020/9/9, 31, 28, 55, 14, 51
2020/9/10, 26, 26, 55, 17, 51
2020/9/11, 25, 25, 55, 17, 51
2020/9/12, 24, 22, 48, 11, 51
2020/9/13, 22, 25, 55, 12, 
2020/9/14, 23, 19, 55, 10, 51
2020/9/15, 18, 21, 53, 10, 51
2020/9/16, 20, 23, 53, 10, 51
2020/9/17, 23, 24, 55, 11, 51
2020/9/18, 22, 24, 55, 12, 
2020/9/19, 22, 25, 48, 13, 
2020/9/20, 22, 27, 55, 12, 51
2020/9/21, 25, 27, 55, 12, 
2020/9/22, 26, 22, 51, 12, 
2020/9/23, 25, 17, 51, , 
2020/9/26, 23, 32, 51, 11, 
2020/9/27, 29, 35, 44, 11, 51
2020/9/28, 32, 29, 53, 10, 51
2020/9/29, 27, 30, 55, 12, 51
2020/9/30, 28, 38, 55, 12, 51
2020/4/1, 39, 39, 51, 6, 38
2020/4/2, 41, 43, 49, 5, 36
2020/4/3, 45, 60, 46, 5, 39
2020/4/4, 60, 56, 54, 5, 38
2020/4/5, 56, 42, 36, 5, 37
2020/4/6, 44, 40, 44, 5, 38
2020/4/7, 42, 43, 48, 4, 29
2020/4/8, 44, 54, 48, 4, 34
2020/4/9, 57, 57, 50, 5, 39
2020/4/10, 57, 59, 38, 5, 42
2020/4/11, 60, 58, 47, 6, 43
2020/4/12, 58, 55, 40, 5, 43
2020/4/13, 56, 58, 44, 5, 43
2020/4/14, 58, 54, 79, 5, 46
2020/4/15, 56, 45, 52, 5, 43
2020/4/16, 46, 39, 40, 4, 44
2020/4/17, 41, 42, 44, 4, 45
2020/4/18, 43, 46, 42, 4, 44
2020/4/19, 47, 38, 44, 5, 44
2020/4/20, 40, 42, 54, 6, 44
2020/4/21, 43, 37, 55, 5, 42
2020/4/22, 39, 48, 52, 4, 45
2020/4/23, 49, 39, 67, 5, 44
2020/4/24, 41, 36, 58, 4, 42
2020/4/25, 38, 35, 58, 5, 40
2020/4/26, 37, 39, 47, 5, 42
2020/4/27, 40, 42, 57, 5, 43
2020/4/28, 43, 50, 48, 5, 44
2020/4/29, 51, 45, 46, 5, 44
2020/4/30, 46, 42, 57, 5, 40
2020/5/1, 43, 44, 59, 5, 37
2020/5/2, 46, 42, 60, 5, 35
2020/5/3, 43, 34, 42, 6, 32
2020/5/4, 36, 33, 70, 6, 31
2020/5/5, 35, 53, 74, 6, 30
2020/5/6, 54, 48, 47, 5, 31
2020/5/7, 49, 39, 51, 5, 34
2020/5/8, 41, 44, 54, 5, 36
2020/5/9, 45, 47, 49, 5, 40
2020/5/10, 48, 39, 43, 5, 39
2020/5/11, 41, 35, 75, 7, 33
2020/5/12, 37, 49, 57, 7, 32
2020/5/13, 50, 46, 55, 6, 34
2020/5/14, 47, 32, 92, 9, 35
2020/5/15, 35, 40, 76, 10, 37
2020/5/16, 42, 55, 70, 7, 38
2020/5/17, 56, 67, 80, 7, 33
2020/5/18, 67, 56, 78, 6, 37
2020/5/19, 57, 43, 72, 6, 32
2020/5/20, 45, 37, 64, 5, 33
2020/5/21, 39, 36, 72, 5, 35
2020/5/22, 38, 37, 81, 6, 40
2020/5/23, 39, 40, 87, 6, 37
2020/5/24, 42, 42, 77, 6, 39
2020/5/25, 43, 41, 80, 6, 41
2020/5/26, 43, 37, 77, 5, 40
2020/5/27, 39, 32, 82, 4, 39
2020/5/28, 34, 33, 84, 5, 40
2020/5/29, 35, 24, 76, 5, 41
2020/5/30, 27, 26, 59, 6, 45
2020/5/31, 29, 18, 61, 5, 43
2020/6/1, 21, 15, 71, 9, 41
2020/6/2, 19, 12, 61, 8, 40
2020/6/3, 15, 18, 54, 5, 41
2020/6/4, 17, 25, 73, 6, 46
2020/6/5, 23, 33, 75, 4, 41
2020/6/6, 31, 29, 72, 4, 42
2020/6/7, 28, 28, 66, 4, 35
2020/6/8, 26, 25, 77, 7, 35
2020/6/9, 23, 28, 77, 8, 35
2020/6/10, 27, 25, 73, 8, 38
2020/6/11, 24, 20, 68, 8, 51
2020/6/12, 19, 17, 67, 9, 42
2020/6/13, 16, 16, 69, 8, 42
2020/6/14, 15, 16, 69, 8, 40
2020/6/15, 15, 16, 72, 9, 39
2020/6/16, 15, 17, 64, 8, 40
2020/6/17, 16, 17, 65, 8, 43
2020/6/18, 16, 23, 70, 8, 41
2020/6/19, 21, 39, 72, 8, 41
2020/6/20, 37, 44, 77, 8, 45
2020/6/21, 41, 29, 61, 8, 33
2020/6/22, 27, 34, 68, , 
2020/6/24, 28, 26, 66, 9, 44
2020/6/25, 24, 25, 20, 10, 39
2020/6/26, 23, 26, 39, , 
2020/6/27, 25, 22, 15, 10, 50
2020/6/28, 21, 25, 62, 8, 38
2020/6/29, 23, 18, 56, 10, 38
2020/6/30, 17, 15, 65, 8, 33
2020/1/1, 52, 63, 65, 17, 26
2020/1/2, 65, 88, 85, 11, 40
2020/1/3, 89, 96, 91, 17, 44
2020/1/4, 95, 103, 74, 23, 50
2020/1/5, 103, 93, 73, 21, 48
2020/1/6, 91, 89, 71, 24, 51
2020/1/7, 87, 64, 81, 14, 65
2020/1/8, 64, 52, 76, 12, 68
2020/1/9, 52, 72, 21, 24, 90
2020/1/10, 71, 87, 28, 23, 77
2020/1/11, 85, 97, 25, 24, 84
2020/1/12, 95, 80, 10, 20, 78
2020/1/13, 79, 56, 36, 13, 78
2020/1/14, 57, 56, 37, 16, 90
2020/1/15, 57, 53, 32, 16, 75
2020/1/16, 54, 44, 88, 19, 16
2020/1/17, 45, 60, 76, 29, 11
2020/1/18, 61, 69, 69, 25, 25
2020/1/19, 69, 69, 61, 19, 36
2020/1/20, 69, 57, 32, 18, 49
2020/1/21, 57, 51, 52, 18, 45
2020/1/22, 52, 63, 58, 30, 21
2020/1/23, 63, 69, 29, 33, 18
2020/1/24, 68, 77, 28, 35, 16
2020/1/25, 77, 78, 28, 27, 13
2020/1/26, 77, 66, 70, 19, 16
2020/1/27, 66, 43, 79, 12, 23
2020/1/28, 44, 29, 85, 11, 24
2020/1/29, 32, 48, 40, 19, 35
2020/1/30, 49, 62, 39, 22, 30
2020/1/31, 63, 75, 34, 21, 22
2020/2/1, 74, 78, 32, 19, 19
2020/2/2, 77, 65, 33, 14, 21
2020/2/3, 65, 50, 46, 15, 16
2020/2/4, 51, 69, 35, 18, 19
2020/2/5, 69, 71, 40, 18, 12
2020/2/6, 71, 55, 41, 17, 6
2020/2/7, 55, 61, 44, 20, 20
2020/2/8, 61, 78, 47, 23, 58
2020/2/9, 78, 65, 48, 17, 62
2020/2/10, 65, 56, 42, 21, 69
2020/2/11, 56, 66, 36, 27, 77
2020/2/12, 66, 69, 38, 33, 72
2020/2/13, 69, 79, 31, 35, 41
2020/2/14, 78, 76, 35, 28, 40
2020/2/15, 76, 75, 40, 20, 37
2020/2/16, 75, 85, 34, 25, 38
2020/2/17, 84, 90, 28, 39, 38
2020/2/18, 88, 80, 37, 24, 38
2020/2/19, 79, 84, 32, 22, 39
2020/2/20, 83, 84, 38, 24, 32
2020/2/21, 82, 86, 38, 28, 39
2020/2/22, 85, 81, 24, 23, 48
2020/2/23, 80, 76, 76, 21, 58
2020/2/24, 76, 68, 76, 21, 52
2020/2/25, 68, 61, 83, 25, 52
2020/2/26, 61, 63, 83, 36, 40
2020/2/27, 64, 71, 36, 35, 33
2020/2/28, 71, 68, 71, 28, 66
2020/2/29, 68, 58, 79, 25, 39
2020/3/1, 59, 58, 79, 23, 43
2020/3/2, 59, 46, 70, 17, 36
2020/3/3, 48, 45, 78, 14, 38
2020/3/4, 46, 78, 54, 14, 45
2020/3/5, 77, 71, 45, 9, 59
2020/3/6, 71, 56, 45, 8, 39
2020/3/7, 56, 63, 28, 12, 37
2020/3/8, 63, 65, 34, 16, 48
2020/3/9, 65, 59, 34, 14, 70
2020/3/10, 59, 44, 29, 9, 92
2020/3/11, 45, 35, 29, 10, 105
2020/3/12, 37, 39, 76, 11, 100
2020/3/13, 41, 71, 55, 19, 79
2020/3/14, 71, 69, 69, 30, 93
2020/3/15, 69, 69, 65, 21, 77
2020/3/16, 69, 57, 46, 20, 33
2020/3/17, 58, 58, 34, 20, 36
2020/3/18, 59, 47, 27, 16, 34
2020/3/19, 48, 32, 21, 11, 32
2020/3/20, 35, 50, 19, 12, 35
2020/3/21, 51, 53, 6, 11, 44
2020/3/22, 54, 45, 12, 6, 56
2020/3/23, 46, 51, 17, 6, 59
2020/3/24, 52, 50, 69, 6, 63
2020/3/25, 52, 32, 55, 7, 56
2020/3/26, 34, 38, 69, 5, 52
2020/3/27, 40, 45, 57, 7, 51
2020/3/28, 46, 42, 34, 7, 49
2020/3/29, 44, , , , 
2019/10/1, 18, 20, 27, 6, 25
2019/10/2, 22, 33, 26, 8, 32
2019/10/3, 34, 38, 25, 13, 40
2019/10/4, 38, 30, 26, 13, 43
2019/10/5, 31, 40, 29, 13, 47
2019/10/6, 40, 42, 31, 14, 43
2019/10/7, 42, 42, 26, 9, 43
2019/10/8, 42, 38, 25, 11, 44
2019/10/9, 38, 42, 25, 16, 42
2019/10/10, 43, 44, 26, 19, 42
2019/10/11, 46, 37, 25, 17, 46
2019/10/12, 39, 37, 31, 16, 44
2019/10/13, 39, 45, 30, 15, 37
2019/10/14, 47, 72, 39, 18, 34
2019/10/15, 72, 68, 47, 20, 46
2019/10/16, 68, 70, 62, 22, 54
2019/10/17, 69, 67, 43, 18, 62
2019/10/18, 67, 34, 49, 19, 23
2019/10/19, 36, 15, 44, 19, 24
2019/10/20, 19, 16, 54, 16, 23
2019/10/21, 19, 18, 51, 14, 47
2019/10/22, 22, 21, 66, 23, 42
2019/10/23, 24, 24, 57, 19, 26
2019/10/24, 27, 20, 66, 19, 21
2019/10/25, 23, 18, 69, 14, 18
2019/10/26, 21, 30, 55, 14, 20
2019/10/27, 32, 54, 51, 10, 20
2019/10/28, 54, 33, 51, 8, 34
2019/10/29, 35, 30, 48, 10, 44
2019/10/30, 32, 24, 42, 11, 52
2019/10/31, 27, 20, 43, 13, 49
2019/11/1, 23, 23, 44, 16, 49
2019/11/2, 26, 22, 43, 10, 43
2019/11/3, 25, 25, 44, 14, 47
2019/11/4, 28, 30, 48, 16, 48
2019/11/5, 32, 39, 43, 16, 54
2019/11/6, 41, 38, 44, 19, 51
2019/11/7, 40, 24, 44, 8, 39
2019/11/8, 27, 26, 58, 9, 36
2019/11/9, 29, 29, 49, 12, 35
2019/11/10, 31, 33, 62, 14, 39
2019/11/11, 35, 51, 64, 16, 41
2019/11/12, 52, 67, 64, 21, 48
2019/11/13, 68, 67, 41, 21, 40
2019/11/14, 67, 75, 41, 23, 43
2019/11/15, 74, 74, 42, 23, 45
2019/11/16, 74, 73, 50, 19, 41
2019/11/17, 73, 68, 44, 15, 33
2019/11/18, 68, 81, 36, 25, 36
2019/11/19, 81, 91, 50, 26, 38
2019/11/20, 90, 91, 46, 22, 46
2019/11/21, 90, 86, 46, 21, 42
2019/11/22, 85, 83, 32, 24, 51
2019/11/23, 82, 82, 31, 25, 45
2019/11/24, 81, 84, 32, 25, 45
2019/11/25, 83, 78, 31, 27, 43
2019/11/26, 77, 74, 31, 27, 40
2019/11/27, 73, 75, 39, 24, 41
2019/11/28, 75, 74, 31, 26, 41
2019/11/29, 73, 74, 31, 28, 42
2019/11/30, 73, , , , 
2019/12/2, 56, 36, 31, 16, 39
2019/12/3, 38, 39, 36, 21, 27
2019/12/4, 41, 77, 38, 26, 31
2019/12/5, 77, 91, 47, 26, 30
2019/12/6, 89, 88, 50, 26, 23
2019/12/7, 87, 92, 39, 22, 24
2019/12/8, 90, 71, 37, 20, 29
2019/12/9, 71, 67, 38, 26, 35
2019/12/10, 67, 71, 35, 27, 34
2019/12/11, 71, 67, 36, 20, 35
2019/12/12, 67, 59, 34, 13, 26
2019/12/13, 60, 52, 40, 15, 26
2019/12/14, 53, 63, 41, 19, 28
2019/12/15, 63, 62, 42, 16, 28
2019/12/16, 62, 69, 43, 20, 29
2019/12/17, 69, 75, 39, 22, 30
2019/12/18, 75, 80, 41, 28, 16
2019/12/19, 80, 87, 40, 28, 20
2019/12/20, 86, 88, 39, 30, 20
2019/12/21, 86, 92, 38, 32, 19
2019/12/22, 91, 93, 39, 26, 22
2019/12/23, 92, 94, 35, 29, 34
2019/12/24, 92, 99, 35, 29, 36
2019/12/25, 97, 92, 33, 18, 34
2019/12/26, 91, 68, 33, 14, 26
2019/12/27, 68, 93, 39, 20, 23
2019/12/28, 91, 87, 74, 24, 14
2019/12/29, 86, , , , 
2019/7/1, 19, 27, 31, 25, 26
2019/7/2, 19, 34, 32, 25, 31
2019/7/3, 24, 40, 23, 25, 56
2019/7/4, 29, 46, 24, 25, 54
2019/7/5, 35, 32, 23, 25, 42
2019/7/6, 23, 29, 23, 25, 28
2019/7/7, 20, 30, 25, 25, 28
2019/7/8, 21, 25, 23, 25, 31
2019/7/9, 17, 25, 22, 25, 35
2019/7/10, 17, 24, 22, 25, 35
2019/7/11, 16, 27, 24, 25, 31
2019/7/12, 19, 38, 25, 25, 30
2019/7/13, 28, 39, 26, 25, 29
2019/7/14, 28, 36, 29, 25, 30
2019/7/15, 27, 39, 27, 11, 29
2019/7/16, 39, 29, 29, 12, 26
2019/7/17, 33, 29, 22, 14, 23
2019/7/18, 33, 44, 22, 14, 23
2019/7/19, 47, 37, 22, 14, 24
2019/7/20, 41, 27, 22, 8, 26
2019/7/21, 31, 21, 22, 9, 24
2019/7/22, 26, 11, 22, 22, 23
2019/7/23, 15, 18, 22, 27, 21
2019/7/24, 17, 21, 22, 22, 21
2019/7/25, 20, 25, 22, 19, 21
2019/7/26, 24, 23, 22, 18, 21
2019/7/27, 21, 27, 23, 18, 21
2019/7/28, 25, 38, 24, 16, 21
2019/7/29, 36, 29, 30, 14, 23
2019/7/30, 27, 20, 45, 25, 32
2019/7/31, 18, 20, 44, 21, 36
2019/8/1, 17, 18, 44, 10, 35
2019/8/2, 16, 15, 44, 13, 33
2019/8/3, 13, 13, 43, 11, 34
2019/8/4, 12, 11, 44, 10, 36
2019/8/5, 13, 11, 44, 7, 36
2019/8/6, 14, 14, 45, 6, 23
2019/8/7, 16, 21, 44, 7, 9
2019/8/8, 22, 26, 44, 7, 24
2019/8/9, 27, 24, 47, 6, 41
2019/8/10, 25, 24, 45, 6, 40
2019/8/11, 25, 25, 46, 7, 38
2019/8/12, 26, 30, 45, 7, 43
2019/8/13, 30, 25, 43, 5, 49
2019/8/14, 26, 27, 44, 6, 46
2019/8/15, 28, 18, 44, 4, 46
2019/8/16, 20, 20, 44, 4, 46
2019/8/17, 22, 24, 44, 4, 45
2019/8/18, 25, 28, 45, 4, 41
2019/8/19, 29, 31, 45, 3, 42
2019/8/20, 32, 27, 44, 3, 42
2019/8/21, 28, 21, 47, 3, 32
2019/8/22, 22, 21, 46, 4, 43
2019/8/23, 23, 21, 46, 5, 46
2019/8/24, 23, 17, 32, 5, 53
2019/8/25, 19, 16, 34, 4, 54
2019/8/26, 19, 22, 39, 6, 49
2019/8/27, 24, 21, 32, 7, 47
2019/8/28, 22, 18, 40, 6, 49
2019/8/29, 20, 13, 32, 9, 51
2019/8/30, 16, 12, 34, 8, 50
2019/8/31, 14, 15, 30, 11, 48
2019/9/1, 17, 19, 32, 12, 46
2019/9/2, 21, 17, 34, 10, 46
2019/9/3, 18, 12, 32, 6, 44
2019/9/4, 14, 12, 31, 7, 47
2019/9/5, 14, 12, 30, 8, 49
2019/9/6, 14, 10, 32, 7, 52
2019/9/7, 13, 14, 32, 6, 51
2019/9/8, 16, 15, 31, 6, 52
2019/9/9, 17, 16, 29, 7, 49
2019/9/10, 18, 24, 30, 6, 45
2019/9/11, 25, 29, 31, 8, 44
2019/9/12, 30, 21, 30, 7, 48
2019/9/13, 22, 18, 30, 7, 56
2019/9/14, 19, 26, 31, 17, 56
2019/9/15, 27, 21, 31, 17, 54
2019/9/16, 22, 17, 30, 5, 54
2019/9/17, 19, 19, 30, 6, 57
2019/9/18, 21, 26, 30, 11, 63
2019/9/19, 27, 23, 30, 18, 55
2019/9/20, 24, 30, 32, 12, 32
2019/9/21, 31, 24, 31, 16, 32
2019/9/22, 25, 27, 46, 13, 31
2019/9/23, 28, 28, 33, 7, 36
2019/9/24, 29, 20, 29, 6, 37
2019/9/25, 21, 20, 29, 4, 40
2019/9/26, 21, 17, 25, 3, 30
2019/9/27, 18, 14, 26, 8, 28
2019/9/28, 16, 15, 26, 7, 26
2019/9/29, 17, 16, 26, 5, 27
2019/9/30, 18, 16, 27, 5, 27
2019/4/1, 58, 48, 58, 33, 21
2019/4/2, 46, 51, 66, 28, 24
2019/4/3, 48, 56, 69, 24, 24
2019/4/4, 53, 57, 63, 25, 18
2019/4/5, 54, 54, 52, 23, 31
2019/4/6, 51, 54, 65, 23, 31
2019/4/7, 51, 50, 51, 23, 47
2019/4/8, 48, 49, 54, 23, 43
2019/4/9, 46, 47, 55, 23, 49
2019/4/10, 45, 54, 55, 23, 67
2019/4/11, 51, 58, 49, 23, 67
2019/4/12, 54, 55, 45, 23, 88
2019/4/13, 52, 55, 45, 23, 88
2019/4/14, 52, 55, 45, 23, 88
2019/4/15, 52, 55, 45, 23, 88
2019/4/16, 52, 55, 45, 23, 88
2019/4/17, 52, 55, 45, 25, 88
2019/4/18, 52, 66, 48, 23, 18
2019/4/19, 62, 57, 48, 23, 37
2019/4/20, 54, 49, 48, 23, 37
2019/4/21, 47, 38, 48, 23, 27
2019/4/22, 37, 38, 47, 23, 18
2019/4/23, 37, 35, 47, 23, 22
2019/4/24, 35, 55, 51, 23, 40
2019/4/25, 52, 71, 51, 23, 53
2019/4/26, 65, 73, 50, 23, 51
2019/4/27, 67, 77, 57, 23, 52
2019/4/28, 71, 78, 52, 23, 54
2019/4/29, 71, 71, 54, 23, 54
2019/4/30, 65, 72, 56, 23, 55
2019/5/1, 66, 76, 53, 23, 68
2019/5/2, 70, 73, 54, 23, 68
2019/5/3, 68, 68, 54, 23, 67
2019/5/4, 63, 62, 53, 23, 68
2019/5/5, 58, 55, 53, 23, 68
2019/5/6, 52, 63, 54, 23, 69
2019/5/7, 59, 54, 55, 23, 71
2019/5/8, 51, 45, 53, 23, 69
2019/5/9, 44, 31, 54, 23, 65
2019/5/10, 32, 33, 53, 23, 64
2019/5/11, 34, 43, 54, 23, 38
2019/5/12, 42, 53, 52, 23, 39
2019/5/13, 51, 53, 53, 23, 37
2019/5/14, 50, 52, 53, 23, 35
2019/5/15, 50, 55, 52, 23, 36
2019/5/16, 52, 64, 52, 23, 35
2019/5/17, 60, 81, 52, 23, 35
2019/5/18, 74, 65, 54, 23, 34
2019/5/19, 60, 44, 53, 23, 33
2019/5/20, 43, 48, 54, 23, 41
2019/5/21, 46, 50, 54, 23, 36
2019/5/22, 48, 53, 54, 23, 35
2019/5/23, 50, 58, 54, 23, 36
2019/5/24, 54, 70, 53, 23, 38
2019/5/25, 64, 61, 53, 23, 35
2019/5/26, 58, 63, 53, 23, 37
2019/5/27, 59, 78, 53, 23, 32
2019/5/28, 72, 68, 53, 23, 24
2019/5/29, 63, 61, 53, 23, 24
2019/5/30, 57, 56, 53, 23, 26
2019/5/31, 53, 45, 53, 23, 26
2019/6/1, 44, 44, 52, 23, 29
2019/6/2, 43, 45, 52, 23, 28
2019/6/3, 44, 39, 52, 23, 27
2019/6/4, 38, 42, 52, 23, 27
2019/6/5, 41, 53, 53, 23, 29
2019/6/6, 50, 48, 54, 23, 27
2019/6/7, 46, 58, 52, 23, 28
2019/6/8, 55, 52, 52, 23, 29
2019/6/9, 49, 25, 52, 23, 28
2019/6/10, 23, 23, 52, 23, 29
2019/6/11, 24, 18, 52, 23, 28
2019/6/12, 20, 15, 53, 23, 23
2019/6/13, 18, 29, 52, 23, 24
2019/6/14, 30, 36, 53, 23, 24
2019/6/15, 36, 34, 53, 23, 26
2019/6/16, 35, 34, 52, 23, 34
2019/6/17, 34, 32, 52, 23, 50
2019/6/18, 33, 30, 52, 23, 62
2019/6/19, 30, 36, 52, 23, 63
2019/6/20, 36, 47, 51, 23, 67
2019/6/21, 45, 51, 52, 23, 69
2019/6/22, 49, 59, 32, 23, 59
2019/6/23, 55, 54, 31, 23, 64
2019/6/24, 51, 31, 28, 23, 72
2019/6/25, 31, 21, 27, 23, 72
2019/6/26, 23, 12, 27, 23, 63
2019/6/27, 15, 8, 32, 25, 57
2019/6/28, 11, 19, 26, 25, 25
2019/6/29, 13, 26, 26, 25, 47
2019/6/30, 18, 28, 26, 25, 48
2019/1/1, 43, 79, 40, 45, 19
2019/1/2, 63, 69, 22, 22, 15
2019/1/3, 54, 45, 48, 11, 21
2019/1/4, 35, 37, 47, 14, 25
2019/1/5, 28, 38, 45, 14, 24
2019/1/6, 29, 34, 45, 14, 23
2019/1/7, 29, 31, 20, 14, 18
2019/1/8, 30, 38, 20, 21, 16
2019/1/9, 25, 43, 11, 30, 34
2019/1/10, 33, 78, 11, 27, 48
2019/1/11, 79, 76, 56, 26, 47
2019/1/12, 79, 74, 60, 27, 44
2019/1/13, 77, 82, 72, 27, 44
2019/1/14, 98, 98, 96, 27, 50
2019/1/15, 141, 108, 91, 27, 48
2019/1/16, 168, 103, 70, 26, 46
2019/1/17, 125, 98, 63, 26, 47
2019/1/18, 96, 98, 69, 26, 78
2019/1/19, 102, 102, 63, 26, 85
2019/1/20, 101, 91, 72, 26, 85
2019/1/21, 89, 65, 44, 26, 73
2019/1/22, 61, 45, 64, 26, 76
2019/1/23, 43, 57, 87, 27, 78
2019/1/24, 53, 77, 63, 26, 73
2019/1/25, 71, 80, 88, 26, 67
2019/1/26, 74, 77, 55, 26, 69
2019/1/27, 71, 65, 61, 26, 57
2019/1/28, 60, 63, 46, 26, 34
2019/1/29, 59, 71, 83, 26, 31
2019/1/30, 65, 72, 99, 26, 35
2019/1/31, 66, 76, 196, 25, 45
2019/2/1, 70, 66, 193, 25, 26
2019/2/2, 61, 66, 65, 25, 32
2019/2/3, 62, 69, 86, 25, 27
2019/2/4, 64, 71, 91, 25, 28
2019/2/5, 65, 68, 66, 25, 27
2019/2/6, 63, 56, 63, 24, 19
2019/2/7, 53, 56, 74, 24, 17
2019/2/8, 53, 89, 87, 25, 14
2019/2/9, 81, 102, 95, 25, 13
2019/2/10, 93, 90, 95, 25, 15
2019/2/11, 82, 72, 86, 24, 16
2019/2/12, 67, 71, 55, 25, 19
2019/2/13, 65, 67, 85, 25, 18
2019/2/14, 62, 55, 83, 24, 17
2019/2/15, 52, 49, 85, 24, 17
2019/2/16, 47, 60, 74, 24, 13
2019/2/17, 56, 65, 61, 24, 13
2019/2/18, 61, 69, 59, 24, 14
2019/2/19, 64, 84, 59, 25, 12
2019/2/20, 76, 67, 66, 25, 31
2019/2/21, 62, 60, 77, 25, 49
2019/2/22, 56, 66, 89, 25, 44
2019/2/23, 62, 60, 72, 25, 30
2019/2/24, 56, 55, 74, 25, 23
2019/2/25, 52, 58, 78, 25, 21
2019/2/26, 55, 65, 91, 26, 24
2019/2/27, 60, 62, 93, 25, 55
2019/2/28, 58, 58, 25, 25, 102
2019/3/1, 55, 84, 59, 24, 71
2019/3/2, 77, 65, 47, 24, 65
2019/3/3, 61, 39, 62, 24, 75
2019/3/4, 38, 63, 75, 24, 81
2019/3/5, 59, 75, 67, 24, 77
2019/3/6, 69, 70, 66, 24, 63
2019/3/7, 65, 72, 75, 25, 68
2019/3/8, 67, 67, 69, 24, 50
2019/3/9, 62, 68, 57, 24, 39
2019/3/10, 62, 23, 67, 25, 52
2019/3/11, 25, 65, 99, 25, 52
2019/3/12, 60, 72, 81, 25, 34
2019/3/13, 66, 69, 80, 24, 38
2019/3/14, 64, 71, 82, 25, 36
2019/3/15, 65, 75, 81, 25, 79
2019/3/16, 69, 56, 81, 27, 79
2019/3/17, 53, 48, 79, 29, 80
2019/3/18, 46, 66, 82, 23, 115
2019/3/19, 61, 67, 81, 23, 75
2019/3/20, 62, 61, 83, 33, 82
2019/3/21, 57, 46, 81, 44, 95
2019/3/22, 44, 44, 78, 26, 94
2019/3/23, 43, 86, 81, 32, 106
2019/3/24, 78, 82, 77, 28, 98
2019/3/25, 75, 90, 64, 25, 61
2019/3/26, 82, 94, 7, 23, 65
2019/3/27, 85, 83, 7, 25, 58
2019/3/28, 75, 80, 7, 25, 40
2019/3/29, 73, 83, 7, 25, 44
2019/3/30, 76, 76, 7, 25, 46
2019/3/31, 70, 62, 52, 25, 39
2018/10/1, 45, 50, 22, 33, 77
2018/10/2, 48, 42, 22, 33, 83
2018/10/3, 41, 38, 22, 32, 86
2018/10/4, 37, 39, 24, 33, 47
2018/10/5, 38, 48, 29, 34, 20
2018/10/6, 45, 58, 44, 34, 51
2018/10/7, 54, 61, 43, 34, 101
2018/10/8, 58, 66, 44, 34, 86
2018/10/9, 62, 67, 44, 33, 83
2018/10/10, 63, 73, 42, 34, 83
2018/10/11, 68, 75, 45, 34, 102
2018/10/12, 69, 76, 47, 34, 100
2018/10/13, 76, 75, 47, 35, 61
2018/10/14, 74, 81, 25, 36, 28
2018/10/15, 74, 70, 25, 36, 28
2018/10/16, 66, 64, 20, 35, 29
2018/10/17, 60, 63, 24, 35, 36
2018/10/18, 60, 54, 23, 35, 23
2018/10/19, 82, 70, 23, 35, 23
2018/10/20, 101, 61, 25, 35, 22
2018/10/21, 54, 74, 26, 35, 24
2018/10/22, 65, 74, 33, 33, 50
2018/10/23, 68, 56, 36, 32, 30
2018/10/24, 53, 57, 23, 35, 21
2018/10/25, 54, 57, 22, 35, 20
2018/10/26, 54, 57, 26, 35, 21
2018/10/27, 54, 57, 26, 35, 22
2018/10/28, 54, 51, 26, 35, 15
2018/10/29, 48, 55, 29, 35, 10
2018/10/30, 53, 57, 26, 35, 40
2018/10/31, 55, 62, 27, 35, 54
2018/11/1, 58, 54, 29, 36, 43
2018/11/2, 51, 62, 31, 36, 45
2018/11/3, 58, 41, 31, 36, 32
2018/11/4, 40, 29, 27, 36, 32
2018/11/5, 30, 31, 25, 36, 34
2018/11/6, 32, 46, 26, 36, 30
2018/11/7, 44, 100, 26, 39, 69
2018/11/8, 116, 99, 67, 43, 43
2018/11/9, 108, 71, 23, 42, 24
2018/11/10, 72, 68, 30, 42, 15
2018/11/11, 69, 64, 30, 42, 7
2018/11/12, 66, 69, 31, 42, 19
2018/11/13, 71, 78, 26, 42, 48
2018/11/14, 79, 79, 23, 42, 56
2018/11/15, 80, 81, 24, 42, 93
2018/11/16, 82, 76, 28, 42, 85
2018/11/17, 77, 72, 25, 42, 94
2018/11/18, 73, 78, 29, 42, 107
2018/11/19, 79, 73, 30, 42, 93
2018/11/20, 75, 59, 25, 42, 56
2018/11/21, 61, 73, 25, 42, 42
2018/11/22, 74, 96, 22, 42, 18
2018/11/23, 96, 98, 25, 42, 16
2018/11/24, 98, 90, 22, 42, 15
2018/11/25, 91, 100, 23, 42, 15
2018/11/26, 102, 113, 26, 42, 15
2018/11/27, 138, 109, 27, 44, 14
2018/11/28, 126, 107, 27, 44, 17
2018/11/29, 120, 112, 25, 44, 24
2018/11/30, 134, 112, 22, 44, 21
2018/12/1, 134, 114, 23, 44, 22
2018/12/2, 140, 123, 22, 44, 23
2018/12/3, 165, 115, 24, 45, 30
2018/12/4, 143, 102, 23, 44, 34
2018/12/5, 105, 98, 30, 44, 31
2018/12/6, 93, 89, 29, 44, 15
2018/12/7, 85, 84, 53, 44, 15
2018/12/8, 85, 56, 51, 44, 13
2018/12/9, 58, 57, 52, 45, 22
2018/12/10, 59, 73, 49, 44, 48
2018/12/11, 75, 73, 48, 44, 46
2018/12/12, 75, 65, 39, 44, 47
2018/12/13, 67, 81, 26, 44, 49
2018/12/14, 82, 101, 24, 32, 56
2018/12/15, 105, 127, 34, 14, 51
2018/12/16, 183, 120, 29, 14, 43
2018/12/17, 162, 103, 27, 46, 42
2018/12/18, 128, 62, 26, 59, 47
2018/12/19, 64, 49, 26, 66, 43
2018/12/20, 51, 49, 23, 29, 48
2018/12/21, 57, 54, 27, 25, 47
2018/12/22, 57, 54, 21, 26, 52
2018/12/23, 57, 54, 22, 26, 51
2018/12/24, 57, 54, 25, 45, 65
2018/12/25, 57, 44, 26, 46, 56
2018/12/26, 51, 37, 26, 46, 38
2018/12/27, 44, 29, 26, 46, 30
2018/12/28, 34, 25, 16, 46, 31
2018/12/29, 25, 25, 16, 46, 30
2018/12/30, 25, , , , 
2018/7/1, 28, 22, 25, 19, 27
2018/7/2, 27, 20, 20, 18, 29
2018/7/3, 23, 23, 18, 17, 31
2018/7/4, 28, 19, 17, 17, 33
2018/7/5, 24, 18, 37, 17, 35
2018/7/6, 23, 21, 37, 18, 34
2018/7/7, 26, 17, 37, 18, 35
2018/7/8, 22, 23, 37, 18, 32
2018/7/9, 28, 28, 30, 18, 28
2018/7/10, 32, 26, 30, 18, 29
2018/7/11, 30, 27, 26, 16, 31
2018/7/12, 32, 26, 24, 14, 34
2018/7/13, 31, 26, 24, 17, 36
2018/7/14, 30, 22, 24, 17, 36
2018/7/15, 27, 18, 24, 17, 36
2018/7/16, 23, 19, 29, 17, 36
2018/7/17, 24, 25, 29, 17, 34
2018/7/18, 29, 24, 45, 17, 33
2018/7/19, 28, 25, 45, 18, 33
2018/7/20, 29, 24, 40, 18, 34
2018/7/21, 28, 25, 40, 18, 33
2018/7/22, 30, 28, 40, 18, 33
2018/7/23, 33, 29, 40, 18, 34
2018/7/24, 34, 30, 40, 18, 35
2018/7/25, 34, 37, 26, 17, 34
2018/7/26, 40, 34, 29, 16, 35
2018/7/27, 38, 34, 29, 16, 30
2018/7/28, 38, 41, 27, 16, 30
2018/7/29, 43, 48, 30, 16, 30
2018/7/30, 50, 50, 27, 16, 33
2018/7/31, 52, 61, 24, 16, 35
2018/8/1, 62, 63, 24, 16, 35
2018/8/2, 65, 44, 26, 16, 36
2018/8/3, 46, 27, 26, 16, 42
2018/8/4, 31, 30, 26, 16, 40
2018/8/5, 33, 36, 26, 16, 40
2018/8/6, 40, 34, 27, 16, 32
2018/8/7, 38, 32, 27, 16, 28
2018/8/8, 36, 31, 25, 16, 32
2018/8/9, 35, 32, 23, 16, 36
2018/8/10, 36, 28, 26, 16, 41
2018/8/11, 32, 23, 25, 16, 41
2018/8/12, 28, 22, 26, 16, 40
2018/8/13, 26, 20, 26, 17, 38
2018/8/14, 24, 22, 24, 17, 38
2018/8/15, 26, 29, 24, 17, 38
2018/8/16, 33, 24, 24, 17, 40
2018/8/17, 29, 25, 26, 17, 41
2018/8/18, 30, 24, 26, 17, 39
2018/8/19, 29, 23, 26, 17, 39
2018/8/20, 27, 20, 26, 17, 37
2018/8/21, 23, 19, 23, 17, 37
2018/8/22, 20, 21, 23, 17, 38
2018/8/23, 22, 21, 24, 17, 29
2018/8/24, 22, 20, 25, 17, 38
2018/8/25, 21, 21, 25, 17, 38
2018/8/26, 21, 20, 22, 17, 30
2018/8/27, 21, 26, 22, 17, 30
2018/8/28, 26, 32, 26, 17, 32
2018/8/29, 30, 35, 26, 18, 34
2018/8/30, 32, 35, 24, 18, 26
2018/8/31, 32, 30, 24, 18, 27
2018/9/1, 29, 26, 25, 18, 36
2018/9/2, 25, 18, 25, 18, 38
2018/9/3, 20, 17, 25, 18, 39
2018/9/4, 19, 22, 25, 18, 39
2018/9/5, 23, 30, 23, 18, 42
2018/9/6, 29, 35, 24, 18, 41
2018/9/7, 32, 33, 26, 18, 34
2018/9/8, 30, 34, 26, 18, 39
2018/9/9, 31, 34, 26, 18, 39
2018/9/10, 31, 34, 26, 18, 37
2018/9/11, 31, 34, 23, 18, 37
2018/9/12, 31, 34, 23, 18, 37
2018/9/13, 31, 19, 24, 19, 37
2018/9/14, 20, 20, 24, 19, 37
2018/9/15, 21, 20, 24, 19, 37
2018/9/16, 21, 27, 24, 19, 39
2018/9/17, 26, 27, 24, 19, 42
2018/9/18, 26, 35, 22, 18, 34
2018/9/19, 31, 40, 23, 18, 37
2018/9/20, 35, 48, 26, 18, 46
2018/9/21, 42, 52, 24, 28, 79
2018/9/22, 48, 56, 22, 35, 101
2018/9/23, 53, 43, 21, 34, 91
2018/9/24, 41, 45, 24, 34, 82
2018/9/25, 44, 58, 25, 34, 86
2018/9/26, 54, 87, 22, 33, 68
2018/9/27, 104, 67, 24, 32, 44
2018/9/28, 79, 43, 22, 32, 55
2018/9/29, 42, 45, 23, 33, 52
2018/9/30, 43, 47, 23, 33, 67
2018/4/1, 67, 68, 57, 19, 39
2018/4/2, 69, 70, 57, 10, 36
2018/4/3, 71, 94, , 4, 
2018/4/4, 94, 86, 39, 20, 39
2018/4/5, 87, 92, 39, 20, 41
2018/4/6, 92, 111, , , 48
2018/4/7, 128, 111, , , 54
2018/4/8, 127, 107, , , 56
2018/4/9, 116, 80, 57, , 39
2018/4/10, 80, 76, 96, , 48
2018/4/11, 76, 76, 96, , 56
2018/4/12, 77, 82, 62, , 
2018/4/13, 82, 85, 62, , 
2018/4/14, 85, , , , 
2018/4/16, 70, 82, , , 42
2018/4/17, 83, 81, , , 57
2018/4/18, 82, 83, , , 49
2018/4/19, 83, 86, , , 45
2018/4/20, 86, , , , 
2018/4/23, 72, 76, 25, , 20
2018/4/24, 78, 82, 25, , 21
2018/4/25, 83, 73, 30, , 25
2018/4/26, 74, 71, 30, , 30
2018/4/27, 72, 62, , , 46
2018/4/28, 64, 54, , 19, 53
2018/4/29, 58, 53, , 19, 42
2018/4/30, 55, 69, , 17, 40
2018/5/1, 70, 80, , 19, 46
2018/5/2, 80, 69, , , 50
2018/5/3, 70, 65, , , 45
2018/5/4, 66, 62, , , 39
2018/5/5, 64, 76, , , 54
2018/5/6, 77, 72, 64, , 57
2018/5/7, 73, 62, 64, , 46
2018/5/8, 64, 69, , , 46
2018/5/9, 71, 85, , , 55
2018/5/10, 86, 76, , , 54
2018/5/11, 80, 72, , , 45
2018/5/12, 73, 75, , , 30
2018/5/13, 75, 66, 47, , 37
2018/5/14, 68, 60, 47, 18, 41
2018/5/15, 62, 73, 47, 18, 40
2018/5/16, 74, 87, 42, 18, 48
2018/5/17, 87, 82, 43, 18, 33
2018/5/18, 83, 78, 44, 18, 24
2018/5/19, 78, 92, 44, 18, 21
2018/5/20, 92, 96, 44, 18, 36
2018/5/21, 95, 87, 55, 18, 32
2018/5/22, 87, 85, 55, 18, 28
2018/5/23, 85, 92, 63, 18, 31
2018/5/24, 90, 97, 63, 18, 39
2018/5/25, 97, 77, 63, 18, 44
2018/5/26, 78, 69, 63, 18, 50
2018/5/27, 71, 67, 63, 18, 55
2018/5/28, 68, 58, 63, 18, 56
2018/5/29, 60, 51, 63, 18, 51
2018/5/30, 54, 56, 26, 18, 40
2018/5/31, 58, 73, 26, 18, 33
2018/6/1, 74, 61, 26, 18, 39
2018/6/2, 63, 44, 26, 18, 44
2018/6/3, 46, 32, 26, 18, 44
2018/6/4, 36, 42, 26, 18, 41
2018/6/5, 45, 53, 37, 18, 41
2018/6/6, 56, 44, 49, 18, 40
2018/6/7, 46, 38, 50, 18, 44
2018/6/8, 41, 27, 50, 18, 46
2018/6/9, 31, 25, 50, 18, 44
2018/6/10, 30, 43, 50, 18, 45
2018/6/11, 46, 57, 42, 18, 42
2018/6/12, 59, 65, 41, 18, 35
2018/6/13, 66, 67, 52, 18, 35
2018/6/14, 68, 59, 52, 18, 38
2018/6/15, 62, 49, 44, 18, 33
2018/6/16, 52, 40, 44, 18, 34
2018/6/17, 43, 22, 44, 18, 38
2018/6/18, 27, 12, 55, 18, 39
2018/6/19, 17, 24, 60, 18, 41
2018/6/20, 28, 56, 62, 18, 30
2018/6/21, 59, 50, 56, 18, 25
2018/6/22, 53, 30, 62, 18, 30
2018/6/23, 34, 24, 62, 18, 27
2018/6/24, 29, 18, 62, 18, 30
2018/6/25, 23, 24, 62, 18, 31
2018/6/26, 28, 31, 62, 19, 30
2018/6/27, 35, 34, 25, 19, 28
2018/6/28, 38, 23, 25, 19, 30
2018/6/29, 27, 24, 25, 19, 30
2018/6/30, 28, 23, 25, 19, 28
2018/1/1, 94, 88, 47, 25, 57
2018/1/2, 88, 91, 47, , 60
2018/1/3, 91, 92, 15, , 64
2018/1/4, 91, 101, 17, , 66
2018/1/5, 105, 111, 17, , 69
2018/1/6, 125, 92, 13, , 63
2018/1/7, 96, 78, 52, , 57
2018/1/8, 79, 87, 52, , 54
2018/1/9, 91, 113, 38, 24, 60
2018/1/10, 133, 113, 16, 19, 62
2018/1/11, 134, 101, 15, 17, 104
2018/1/12, 108, 105, 15, 19, 113
2018/1/13, 118, 109, , , 105
2018/1/14, 120, 98, , , 106
2018/1/15, 101, 101, 17, , 107
2018/1/16, 106, 90, 17, 19, 108
2018/1/17, 94, 63, 20, 19, 104
2018/1/18, 64, 58, 20, 20, 63
2018/1/19, 60, 71, 15, , 30
2018/1/20, 72, 77, 15, , 28
2018/1/21, 78, 80, 19, 19, 29
2018/1/22, 81, 80, 20, 20, 32
2018/1/23, 80, 81, 20, , 33
2018/1/24, 81, 79, 17, , 31
2018/1/25, 80, 87, 15, , 31
2018/1/26, 87, 85, 21, , 30
2018/1/27, 85, 79, 21, , 33
2018/1/28, 80, 85, 18, , 40
2018/1/29, 85, 105, 18, , 42
2018/1/30, 118, 106, 14, , 30
2018/1/31, 115, 93, 14, , 22
2018/2/1, 93, 83, 17, , 30
2018/2/2, 83, 83, 33, 19, 39
2018/2/3, 84, 92, 33, 19, 36
2018/2/4, 95, 105, 17, 17, 39
2018/2/5, 110, 102, 17, 14, 36
2018/2/6, 103, 100, 15, 13, 40
2018/2/7, 99, 68, 15, 14, 38
2018/2/8, 67, 52, 19, 13, 30
2018/2/9, 52, 67, 19, 13, 32
2018/2/10, 64, 72, 11, 13, 36
2018/2/11, 72, 64, 15, 13, 40
2018/2/12, 65, 45, 15, , 39
2018/2/13, 48, 54, 16, 14, 45
2018/2/14, 57, 67, 16, 15, 50
2018/2/15, 67, 83, 15, , 40
2018/2/16, 82, 87, 15, , 35
2018/2/17, 87, 80, , , 35
2018/2/18, 81, 75, 17, 14, 26
2018/2/19, 75, 91, 17, 17, 25
2018/2/20, 91, 95, 18, 18, 26
2018/2/21, 95, 95, 18, 17, 34
2018/2/22, 94, 99, 19, 17, 38
2018/2/23, 101, 98, 19, , 45
2018/2/24, 97, 102, 18, , 45
2018/2/25, 105, 98, 19, 18, 36
2018/2/26, 100, 82, 19, 18, 34
2018/2/27, 82, 79, 18, 19, 41
2018/2/28, 79, 84, , 19, 43
2018/3/1, 85, 84, , 19, 47
2018/3/2, 82, 94, , 19, 56
2018/3/3, 92, 91, , 20, 69
2018/3/4, 91, 83, 45, , 79
2018/3/5, 83, 93, 45, , 71
2018/3/6, 93, 103, , , 65
2018/3/7, 105, 99, 85, , 65
2018/3/8, 100, 87, 85, , 56
2018/3/9, 87, 89, 64, , 55
2018/3/10, 89, 102, 48, , 52
2018/3/11, 106, 87, 105, , 39
2018/3/12, 90, 85, 105, , 34
2018/3/13, 86, 93, , , 32
2018/3/14, 93, 89, 64, , 37
2018/3/15, 89, 81, 64, , 56
2018/3/16, 81, 77, 37, , 66
2018/3/17, 77, 81, 37, , 72
2018/3/18, 82, 73, 37, , 83
2018/3/19, 74, 59, 77, , 83
2018/3/20, 61, 47, 77, , 72
2018/3/21, 49, 53, 70, , 58
2018/3/22, 54, 65, 90, , 53
2018/3/23, 66, 81, 90, , 64
2018/3/24, 82, 72, 53, , 64
2018/3/25, 73, 67, , , 71
2018/3/26, 69, 88, , , 102
2018/3/27, 88, 82, 23, , 21
2018/3/28, 83, 63, 23, , 25
2018/3/29, 64, 58, , , 31
2018/3/30, 60, 63, , , 33
2018/3/31, 65, 66, 40, , 31
2017/10/1, 38, 57, 60, , 1234
2017/10/2, 49, 69, 61, , 47
2017/10/3, 60, 77, 61, , 44
2017/10/4, 67, 73, 54, , 56
2017/10/5, 63, 73, 30, , 64
2017/10/6, 63, 50, 39, 12, 77
2017/10/7, 46, 28, 40, 11, 117
2017/10/8, 24, 20, 32, 14, 76
2017/10/9, 18, 26, 34, 14, 66
2017/10/10, 24, 31, 34, 12, 75
2017/10/11, 29, 27, 63, 12, 41
2017/10/12, 26, 26, 64, 12, 39
2017/10/13, 25, 25, 50, 12, 50
2017/10/14, 24, 33, 27, 13, 65
2017/10/15, 32, 33, 46, , 61
2017/10/16, 33, 49, 55, 15, 49
2017/10/17, 49, 57, 55, 16, 45
2017/10/18, 57, 63, 65, 14, 38
2017/10/19, 59, 92, 66, 32, 35
2017/10/20, 101, 107, 71, 27, 64
2017/10/21, 115, 94, 71, 23, 75
2017/10/22, 94, 84, 59, , 63
2017/10/23, 83, 78, 60, , 40
2017/10/24, 77, 74, 78, , 29
2017/10/25, 73, 86, 40, , 26
2017/10/26, 85, 92, 78, , 29
2017/10/27, 91, 86, 85, , 30
2017/10/28, 85, 74, 88, , 27
2017/10/29, 75, 71, 87, , 24
2017/10/30, 73, 77, 91, , 22
2017/10/31, 79, 81, 94, , 21
2017/11/1, 82, 83, 91, , 22
2017/11/2, 83, 86, 85, , 24
2017/11/3, 86, , , , 
2017/11/6, 85, 75, 100, 22, 22
2017/11/7, 75, 71, 105, 23, 46
2017/11/8, 73, 75, 104, 24, 57
2017/11/9, 76, 77, 109, 25, 48
2017/11/10, 78, 90, 111, , 52
2017/11/11, 90, 97, 120, , 49
2017/11/12, 97, 86, 99, , 47
2017/11/13, 87, 76, 157, , 45
2017/11/14, 77, 73, 167, , 43
2017/11/15, 74, 81, 147, , 42
2017/11/16, 82, 87, 156, , 41
2017/11/17, 88, 88, 138, , 44
2017/11/18, 88, 84, 94, , 47
2017/11/19, 84, 84, 92, , 52
2017/11/20, 85, 79, 52, , 55
2017/11/21, 79, 70, 38, , 60
2017/11/22, 72, 58, 55, , 48
2017/11/23, 60, 59, 65, , 31
2017/11/24, 55, 60, 98, , 27
2017/11/25, 54, 84, 115, , 27
2017/11/26, 84, 103, 120, , 24
2017/11/27, 105, 97, 83, , 22
2017/11/28, 99, 91, 99, , 20
2017/11/29, 91, 101, 102, , 19
2017/11/30, 109, 106, 43, , 19
2017/12/1, 114, 95, 80, , 19
2017/12/2, 96, 97, 96, , 21
2017/12/3, 98, 97, 126, , 25
2017/12/4, 98, 78, 141, , 32
2017/12/5, 79, 40, 38, , 28
2017/12/6, 43, 24, 21, , 24
2017/12/7, 29, 35, 67, , 23
2017/12/8, 39, 73, 71, , 24
2017/12/9, 74, 93, 92, 24, 24
2017/12/10, 93, 88, 74, 25, 31
2017/12/11, 88, 72, 85, , 28
2017/12/12, 73, 63, 90, , 25
2017/12/13, 65, , 47, , 51
2017/12/15, 51, 75, 94, , 50
2017/12/16, 76, 93, 105, , 36
2017/12/17, 92, 94, 111, , 27
2017/12/18, 94, 97, 90, , 25
2017/12/19, 97, 98, 71, , 24
2017/12/20, 97, 89, 22, , 27
2017/12/21, 89, 98, 59, , 28
2017/12/22, 100, 105, 59, , 30
2017/12/23, 111, 116, 54, , 33
2017/12/24, 143, 114, , , 32
2017/12/25, 136, 106, 20, , 34
2017/12/26, 113, 107, 20, , 36
2017/12/27, 116, 110, 15, , 35
2017/12/28, 126, 104, 15, , 37
2017/12/29, 110, 100, 23, , 44
2017/12/30, 100, , , , 
2017/7/1, 33, 27, 26, , 54
2017/7/2, 33, 24, 24, , 55
2017/7/3, 30, 37, 22, , 56
2017/7/4, 43, 36, 25, , 57
2017/7/5, 43, 39, 26, , 58
2017/7/6, 45, 49, 26, , 58
2017/7/7, 56, 51, 28, 14, 54
2017/7/8, 59, 46, 28, 13, 51
2017/7/9, 53, 37, 26, 13, 52
2017/7/10, 44, 40, 26, 13, 51
2017/7/11, 48, 38, 26, 13, 51
2017/7/12, 44, 39, 27, , 52
2017/7/13, 45, 37, 25, , 51
2017/7/14, 43, 29, 26, , 50
2017/7/15, 35, 29, 22, , 51
2017/7/16, 35, 15, 25, , 55
2017/7/17, 19, 11, 26, , 56
2017/7/18, 15, 13, 24, , 55
2017/7/19, 16, 14, 22, , 57
2017/7/20, 14, 22, 26, , 55
2017/7/21, 20, 27, 26, , 54
2017/7/22, 25, , , , 
2017/7/24, 32, 39, 26, , 55
2017/7/25, 38, 44, 25, , 55
2017/7/26, 43, 38, 26, , 56
2017/7/27, 37, 30, 26, , 56
2017/7/28, 29, 30, 22, , 57
2017/7/29, 29, , , , 
2017/7/31, 30, 27, 22, , 13
2017/8/1, 25, 27, 22, , 12
2017/8/2, 24, 27, 22, , 12
2017/8/3, 25, 26, 20, , 13
2017/8/4, 24, 42, 30, , 13
2017/8/5, 43, 40, 30, , 13
2017/8/6, 44, 35, 31, , 12
2017/8/7, 42, 35, 29, , 12
2017/8/8, 43, 37, 30, , 13
2017/8/9, 44, 33, 26, , 13
2017/8/10, 40, 26, 24, , 12
2017/8/11, 33, 24, 24, , 13
2017/8/12, 31, 30, 28, , 13
2017/8/13, 37, 27, 28, , 13
2017/8/14, 34, 23, 23, , 13
2017/8/15, 29, 27, 21, , 14
2017/8/16, 33, 36, 22, , 14
2017/8/17, 43, 48, 25, , 13
2017/8/18, 56, 48, 25, , 13
2017/8/19, 56, 23, 27, , 11
2017/8/20, 29, 15, 27, , 12
2017/8/21, 21, 18, 12, , 10
2017/8/22, 24, 23, 13, , 11
2017/8/23, 29, 26, 24, , 11
2017/8/24, 33, 24, 24, 12, 12
2017/8/25, 31, 14, 20, 9, 11
2017/8/26, 19, 14, 24, 8, 11
2017/8/27, 16, 15, 28, 11, 10
2017/8/28, 15, 14, 28, 11, 11
2017/8/29, 14, 19, 52, 11, 12
2017/8/30, 20, 29, 52, 12, 13
2017/8/31, 30, 38, 35, 12, 13
2017/9/1, 40, 33, 25, 12, 13
2017/9/2, 35, 29, 30, 12, 12
2017/9/3, 31, 35, 30, 12, 13
2017/9/4, 37, 47, 26, 12, 13
2017/9/5, 50, 53, 21, 12, 13
2017/9/6, 56, , , , 
2017/9/11, 34, 28, 30, 10, 11
2017/9/12, 30, 31, 28, 12, 10
2017/9/13, 33, 30, 58, 10, 10
2017/9/14, 32, 24, 58, 10, 15
2017/9/15, 26, 21, 48, 10, 27
2017/9/16, 22, 25, 41, 10, 32
2017/9/17, 26, 20, 49, 12, 31
2017/9/18, 21, 18, 50, 9, 39
2017/9/19, 14, 18, 68, 9, 33
2017/9/20, 13, 17, 68, 11, 28
2017/9/21, 14, 21, 53, 9, 45
2017/9/22, 18, 26, 48, 6, 71
2017/9/23, 20, 27, 66, 2, 118
2017/9/24, 24, 40, 88, 2, 78
2017/9/25, 34, 54, 90, 9, 32
2017/9/26, 46, 52, 83, 13, 43
2017/9/27, 45, 48, 87, 9, 46
2017/9/28, 41, 57, 74, 12, 43
2017/9/29, 50, 49, 74, 14, 49
2017/9/30, 43, 44, 54, , 1462
2017/4/1, 81, 92, 54, 32, 89
2017/4/2, 79, 55, 57, 25, 22
2017/4/3, 47, 59, 58, 29, 34
2017/4/4, 50, 61, 58, 33, 38
2017/4/5, 52, 73, 59, , 30
2017/4/6, 63, 71, 58, , 29
2017/4/7, 62, 79, 62, , 41
2017/4/8, 69, 98, 63, , 48
2017/4/9, 85, 99, 62, , 43
2017/4/10, 87, 106, 62, , 46
2017/4/11, 96, 105, 62, , 41
2017/4/12, 93, 87, 62, 33, 38
2017/4/13, 75, 81, 62, 33, 44
2017/4/14, 70, 86, 59, 34, 30
2017/4/15, 74, 89, 62, 33, 16
2017/4/16, 76, 85, 60, 33, 17
2017/4/17, 73, 82, 50, 34, 23
2017/4/18, 71, 78, 65, , 38
2017/4/19, 67, 65, 66, , 42
2017/4/20, 56, 58, 61, , 31
2017/4/21, 50, 54, 58, , 21
2017/4/22, 46, 55, 62, , 17
2017/4/23, 47, 64, 62, , 19
2017/4/24, 54, 72, 62, 33, 22
2017/4/25, 61, 83, 62, 33, 24
2017/4/26, 71, 90, 62, , 21
2017/4/27, 78, 80, 62, , 19
2017/4/28, 69, 73, 73, , 20
2017/4/29, 62, 72, 77, , 32
2017/4/30, 62, 83, 95, 33, 37
2017/5/1, 71, 95, 150, 33, 31
2017/5/2, 81, 97, 173, , 27
2017/5/3, 83, 94, 171, , 20
2017/5/4, 81, 87, 103, , 20
2017/5/5, 75, 80, 106, , 15
2017/5/6, 68, 75, 86, , 22
2017/5/7, 64, 73, 98, , 49
2017/5/8, 62, 60, 104, , 58
2017/5/9, 56, 55, 93, , 59
2017/5/10, 47, 55, 63, , 64
2017/5/11, 47, 56, 94, , 60
2017/5/12, 48, 64, 141, , 63
2017/5/13, 54, 62, 153, , 56
2017/5/14, 53, 53, 86, , 47
2017/5/15, 45, 46, 78, , 44
2017/5/16, 39, 52, 84, , 49
2017/5/17, 44, 52, 72, , 49
2017/5/18, 46, 54, 65, 34, 50
2017/5/19, 50, 49, 71, 34, 52
2017/5/20, 47, 38, 72, , 52
2017/5/21, 37, 37, 56, , 53
2017/5/22, 36, 44, 48, 33, 53
2017/5/23, 43, 55, 68, 33, 50
2017/5/24, 52, 56, 68, , 53
2017/5/25, 53, 54, 44, , 55
2017/5/26, 51, 46, 54, , 49
2017/5/27, 44, 36, 56, , 48
2017/5/28, 36, 32, 41, , 48
2017/5/29, 32, 36, 38, , 46
2017/5/30, 36, 31, 44, , 44
2017/5/31, 32, 32, 67, , 44
2017/6/1, 32, 28, 76, , 46
2017/6/2, 29, 22, 77, , 46
2017/6/3, 23, 20, 50, , 44
2017/6/4, 22, 33, 40, , 46
2017/6/5, 33, 45, 41, , 44
2017/6/6, 44, 41, 36, , 46
2017/6/7, 40, 20, 42, , 47
2017/6/8, 22, 23, 45, , 48
2017/6/9, 20, 31, 46, , 45
2017/6/10, 23, 27, 63, , 44
2017/6/11, 19, 23, 63, , 53
2017/6/12, 15, 24, 46, , 55
2017/6/13, 16, 27, 44, , 53
2017/6/14, 19, 29, 41, , 52
2017/6/15, 20, 27, 38, , 51
2017/6/16, 19, 28, 34, , 48
2017/6/17, 20, 28, 33, , 47
2017/6/18, 20, 27, 34, , 48
2017/6/19, 19, 27, 26, , 48
2017/6/20, 19, 29, 28, , 49
2017/6/21, 21, 31, 30, , 54
2017/6/22, 23, 30, 28, , 57
2017/6/23, 22, 35, 24, , 55
2017/6/24, 26, 40, 24, , 53
2017/6/25, 30, , , 19, 
2017/6/27, 25, 32, 33, , 75
2017/6/28, 29, 28, 31, , 56
2017/6/29, 30, 25, 28, , 52
2017/6/30, 30, 27, 27, , 53
2017/1/2, 96, 82, 84, 14, 21
2017/1/3, 83, 81, 78, 15, 19
2017/1/4, 82, 82, 139, 15, 23
2017/1/5, 77, 85, 148, 17, 28
2017/1/6, 79, 72, 76, 18, 21
2017/1/7, 69, 64, 76, , 16
2017/1/8, 61, 58, 60, , 13
2017/1/9, 56, 65, 65, , 21
2017/1/10, 63, 81, 74, , 26
2017/1/11, 78, 78, 76, , 28
2017/1/12, 75, 101, 76, , 35
2017/1/13, 99, 104, 76, , 26
2017/1/14, 102, 94, 76, , 23
2017/1/15, 90, 95, 68, , 25
2017/1/16, 90, 99, 69, , 24
2017/1/17, 95, 97, 72, , 26
2017/1/18, 93, 97, 76, , 44
2017/1/19, 93, 99, 76, , 49
2017/1/20, 94, 92, 76, , 59
2017/1/21, 88, 77, , , 57
2017/1/22, 74, 74, 63, 17, 51
2017/1/23, 71, 89, 64, 17, 46
2017/1/24, 85, 100, 62, 18, 28
2017/1/25, 97, 102, 76, 18, 15
2017/1/26, 98, 96, 76, , 13
2017/1/27, 92, 82, 45, , 12
2017/1/28, 78, 74, 76, , 63
2017/1/29, 72, 84, 76, , 67
2017/1/30, 87, 80, 72, , 66
2017/1/31, 77, 77, 72, 19, 63
2017/2/1, 74, 88, 62, 18, 63
2017/2/2, 85, 89, 65, 18, 61
2017/2/3, 85, 85, 65, , 58
2017/2/4, 81, 84, 47, , 58
2017/2/5, 81, , , , 
2017/2/8, 84, 94, 45, 20, 70
2017/2/9, 86, 98, 33, 20, 70
2017/2/10, 89, 85, 54, , 62
2017/2/11, 78, 75, 54, , 58
2017/2/12, 70, 78, 72, 21, 75
2017/2/13, 76, 85, 85, 20, 54
2017/2/14, 76, 90, 86, 16, 22
2017/2/15, 78, 92, 62, 13, 39
2017/2/16, 79, 92, 53, 13, 55
2017/2/17, 79, 94, 54, 14, 49
2017/2/18, 81, 74, , 33, 52
2017/2/19, 63, 70, 53, 33, 43
2017/2/20, 60, 67, 58, 32, 30
2017/2/21, 57, 65, 59, 32, 30
2017/2/22, 55, 94, 50, , 41
2017/2/23, 81, 85, 55, 33, 60
2017/2/24, 74, 80, 56, 33, 99
2017/2/25, 68, 79, 54, 32, 97
2017/2/26, 68, 74, 54, 32, 94
2017/2/27, 63, 74, 54, 32, 104
2017/2/28, 63, 83, 56, 33, 100
2017/3/1, 71, 86, 54, , 95
2017/3/2, 74, 91, 48, , 101
2017/3/3, 78, 100, 48, , 104
2017/3/4, 86, 68, 54, , 90
2017/3/5, 58, 78, 56, , 84
2017/3/6, 67, 71, 55, , 70
2017/3/7, 61, 68, 54, , 65
2017/3/8, 58, 71, 54, , 62
2017/3/9, 61, 63, 57, , 57
2017/3/10, 54, 57, 58, , 35
2017/3/11, 49, 69, 54, , 27
2017/3/12, 59, 104, , , 38
2017/3/13, 99, 108, 53, , 37
2017/3/14, 100, 90, 54, , 40
2017/3/15, 77, 80, 56, , 36
2017/3/16, 69, 65, 56, , 28
2017/3/17, 56, 74, 56, , 25
2017/3/18, 63, 89, 56, 32, 27
2017/3/19, 76, 82, 56, 32, 25
2017/3/20, 70, 69, 56, 32, 27
2017/3/21, 59, 62, 50, 32, 34
2017/3/22, 53, 86, 52, 32, 34
2017/3/23, 74, 100, 53, 33, 27
2017/3/24, 86, 92, 54, 33, 20
2017/3/25, 79, 92, 54, , 15
2017/3/26, 79, 97, 54, , 12
2017/3/27, 83, 99, 54, , 17
2017/3/28, 85, 97, 57, , 12
2017/3/29, 84, 99, 56, , 30
2017/3/30, 85, 99, 54, 33, 47
2017/3/31, 85, 94, 54, 32, 61
2016/10/1, 44, 23, 38, , 
2016/10/2, 27, 14, 33, 16, 
2016/10/3, 18, 14, 35, 16, 
2016/10/4, 18, 15, 36, 17, 75
2016/10/5, 18, 18, 32, 15, 59
2016/10/6, 22, 20, 33, 16, 
2016/10/7, 24, 20, 34, , 
2016/10/8, 23, 19, 35, 14, 
2016/10/9, 23, 21, 72, 14, 
2016/10/10, 25, 48, 89, 19, 
2016/10/11, 50, 59, 79, 21, 
2016/10/12, 61, 61, 66, , 
2016/10/13, 64, 63, 66, , 
2016/10/14, 65, 64, 82, 19, 
2016/10/15, 66, 63, 84, 19, 
2016/10/16, 68, 75, 66, 16, 
2016/10/17, 89, 74, 105, 16, 15
2016/10/18, 88, 70, 110, 19, 21
2016/10/19, 75, 67, 88, 19, 24
2016/10/20, 67, 63, 92, 19, 19
2016/10/21, 63, 63, 115, 20, 17
2016/10/22, 63, 64, 146, 20, 11
2016/10/23, 64, 80, 155, , 26
2016/10/24, 80, 78, 39, 17, 62
2016/10/25, 78, 71, 41, 17, 69
2016/10/26, 71, 73, 41, 18, 71
2016/10/27, 73, 76, 42, 18, 51
2016/10/28, 76, 91, 70, 17, 57
2016/10/29, 91, 84, 75, 19, 30
2016/10/30, 84, 78, 54, 19, 16
2016/10/31, 78, 94, 30, , 50
2016/11/1, 94, 80, 30, , 57
2016/11/2, 80, 77, 35, , 59
2016/11/3, 77, 68, 34, , 66
2016/11/4, 68, 61, 34, , 58
2016/11/5, 61, 63, 30, , 48
2016/11/6, 63, 67, 35, , 50
2016/11/7, 67, 76, 35, , 56
2016/11/8, 76, 86, 33, , 55
2016/11/9, 86, 88, 32, 19, 59
2016/11/10, 88, 100, 30, 19, 58
2016/11/11, 110, 108, 30, , 70
2016/11/12, 122, 107, , 20, 99
2016/11/13, 120, 112, 31, 19, 116
2016/11/14, 131, 113, 32, 19, 57
2016/11/15, 135, 116, 32, 19, 38
2016/11/16, 144, 115, 31, 19, 5
2016/11/17, 144, 104, 30, 18, 8
2016/11/18, 115, 93, 30, 15, 25
2016/11/19, 96, 93, 30, 14, 45
2016/11/20, 98, 101, 32, , 42
2016/11/21, 117, 108, 71, , 68
2016/11/22, 134, 108, 73, , 67
2016/11/23, 134, 101, 70, , 51
2016/11/24, 112, 100, 75, 14, 49
2016/11/25, 111, 95, 78, 14, 52
2016/11/26, 101, 96, 78, , 43
2016/11/27, 103, 88, 79, 14, 48
2016/11/28, 93, 82, 78, 14, 22
2016/11/29, 87, 81, 72, 15, 16
2016/11/30, 86, 93, 69, , 30
2016/12/1, 105, 122, 66, 14, 36
2016/12/2, 178, 119, 72, 14, 27
2016/12/3, 168, 86, 79, 15, 17
2016/12/4, 91, 75, 79, , 16
2016/12/5, 80, 86, 78, , 18
2016/12/6, 91, 102, 94, , 24
2016/12/7, 121, 113, 98, , 35
2016/12/8, 149, 95, 78, , 42
2016/12/9, 109, 80, 80, , 36
2016/12/10, 85, 78, 78, , 23
2016/12/11, 82, , , , 
2016/12/13, 84, 75, 82, 14, 46
2016/12/14, 79, 68, 81, 14, 39
2016/12/15, 72, 82, 81, 14, 20
2016/12/16, 87, 102, 80, , 17
2016/12/17, 115, 108, 63, , 11
2016/12/18, 133, 82, 62, 15, 10
2016/12/19, 95, 81, 56, 15, 13
2016/12/20, 88, 101, 54, , 27
2016/12/21, 112, 104, 53, 14, 38
2016/12/22, 118, 85, 74, 14, 21
2016/12/23, 90, 65, 81, 14, 19
2016/12/24, 65, 60, 84, 14, 25
2016/12/25, 59, 77, 84, , 29
2016/12/26, 77, 92, 83, , 34
2016/12/27, 94, 93, 84, , 31
2016/12/28, 95, 96, 81, , 23
2016/12/29, 100, 106, 84, , 31
2016/12/30, 123, 106, 84, 14, 37
2016/12/31, 121, 101, 84, , 31
2017/1/1, 105, 94, 84, 14, 24
2016/7/1, 34, 29, 24, , 
2016/7/2, 39, 22, 16, , 
2016/7/3, 36, 16, 12, 5, 
2016/7/4, 31, 21, 18, 2, 
2016/7/5, 31, 25, 20, 2, 104
2016/7/6, 32, 26, 20, , 104
2016/7/7, 32, 37, 20, 13, 59
2016/7/8, 39, 37, 20, 14, 59
2016/7/9, 40, , , , 
2016/7/11, 30, 27, 34, 12, 
2016/7/12, 31, 28, 40, 12, 
2016/7/13, 32, 29, 40, , 
2016/7/18, 29, 23, 20, 21, 
2016/7/19, 26, 20, 20, 24, 
2016/7/20, 24, 22, 16, 22, 
2016/7/21, 26, 25, 20, 21, 
2016/7/22, 29, 28, 25, , 
2016/7/23, 31, 30, 26, , 
2016/7/24, 33, 32, 36, 20, 104
2016/7/25, 35, 29, 40, 16, 79
2016/7/26, 33, 28, 26, 17, 59
2016/7/27, 32, 23, 24, 22, 
2016/7/28, 28, 22, 24, 26, 
2016/7/29, 26, 22, 22, 30, 
2016/7/30, 26, 21, 22, , 
2016/7/31, 25, 18, 24, , 
2016/8/1, 22, 31, 25, , 
2016/8/2, 24, 49, 24, 24, 
2016/8/3, 24, 15, 24, 17, 
2016/8/4, 20, 23, 24, 12, 
2016/8/5, 27, 24, 21, , 
2016/8/6, 28, 21, 20, , 
2016/8/7, 25, 23, 20, , 
2016/8/8, 27, 25, 20, , 
2016/8/9, 29, 28, 22, 14, 
2016/8/10, 32, 25, 22, 12, 
2016/8/11, 29, 26, 23, 12, 
2016/8/12, 29, 30, 24, 12, 
2016/8/13, 34, 31, 23, 12, 
2016/8/14, 35, 43, 25, 16, 
2016/8/15, 47, , 26, 16, 
2016/8/17, 32, 26, 26, 14, 
2016/8/18, 29, 30, 24, 15, 
2016/8/19, 33, 38, 27, 16, 
2016/8/20, 41, 38, 26, 19, 
2016/8/21, 41, 36, 22, 19, 
2016/8/22, 39, 29, 22, , 
2016/8/23, 32, 19, 22, , 
2016/8/24, 24, 27, 22, 16, 
2016/8/25, 31, 31, 20, 16, 
2016/8/26, 34, 19, 20, , 
2016/8/27, 22, 15, 17, 14, 
2016/8/28, 19, 14, 18, 14, 
2016/8/29, 17, 14, 18, 16, 
2016/8/30, 18, 17, 18, 16, 
2016/8/31, 21, 23, 18, , 
2016/9/1, 27, 21, 22, , 
2016/9/2, 23, 20, 22, , 
2016/9/3, 23, , , , 
2016/9/5, 43, 37, 38, , 
2016/9/6, 40, 36, 42, 19, 
2016/9/7, 39, 34, 42, 16, 
2016/9/8, 37, 31, 49, 16, 
2016/9/9, 34, 36, 50, , 
2016/9/10, 39, 37, 50, , 
2016/9/11, 41, 29, 52, , 
2016/9/12, 33, 25, 52, 14, 
2016/9/13, 28, 26, 50, 14, 
2016/9/14, 29, 27, 42, , 
2016/9/15, 30, 20, 47, , 
2016/9/16, 23, 19, 48, 16, 
2016/9/17, 22, 14, 46, 16, 
2016/9/18, 17, 11, 52, , 
2016/9/19, 15, 16, 43, , 
2016/9/20, 20, 19, 47, , 
2016/9/21, 23, 15, 48, , 
2016/9/22, 19, 20, 44, 24, 
2016/9/23, 21, 25, 42, 17, 
2016/9/24, 24, 27, 54, 12, 
2016/9/25, 28, 37, 50, 14, 
2016/9/26, 41, 40, 51, 18, 
2016/9/27, 44, 43, 52, 17, 
2016/9/28, 46, 44, 50, 16, 
2016/9/29, 47, 45, 55, 19, 
2016/9/30, 48, 41, 46, 19, 
2016/4/1, 59, 62, 94, , 
2016/4/2, 47, 88, 105, , 
2016/4/3, 67, 94, 131, , 
2016/4/4, 69, 107, 131, 73, 
2016/4/5, 74, 105, 104, 36, 
2016/4/6, 85, 92, 107, 19, 
2016/4/7, 62, 80, 90, 16, 
2016/4/8, 45, 66, 92, 17, 
2016/4/9, 48, 80, 109, 22, 
2016/4/10, 66, 94, 83, 30, 
2016/4/11, 76, 90, 116, 37, 
2016/4/12, 68, 83, 116, 29, 
2016/4/13, 67, 81, 110, 23, 69
2016/4/14, 73, 91, 108, , 59
2016/4/15, 83, 79, 104, , 
2016/4/16, 65, 71, 94, , 
2016/4/17, 57, 71, 92, , 
2016/4/18, 59, 89, 92, , 
2016/4/19, 70, 100, 82, , 
2016/4/20, 76, 97, 69, , 
2016/4/21, 70, 85, 61, 21, 104
2016/4/22, 62, 55, 60, 21, 81
2016/4/23, 47, 57, 52, 19, 59
2016/4/24, 47, 75, 62, 19, 
2016/4/25, 60, 68, 90, 21, 
2016/4/26, 60, 75, 94, 19, 
2016/4/27, 63, 93, 101, 19, 
2016/4/28, 68, 88, 101, 16, 
2016/4/29, 80, 68, 74, 14, 
2016/4/30, 71, 57, 74, , 
2016/5/1, 59, 51, 80, 12, 
2016/5/2, 52, 61, 90, 16, 
2016/5/3, 42, 62, 90, 19, 
2016/5/4, 32, 68, 72, , 
2016/5/5, 38, 65, 86, , 
2016/5/6, 36, 52, 86, , 
2016/5/7, 43, 67, 80, , 
2016/5/8, 58, 70, 68, , 
2016/5/9, 62, 63, 70, 24, 
2016/5/10, 53, 49, 92, 24, 
2016/5/11, 44, 42, 88, 17, 
2016/5/12, 46, 54, 82, 17, 
2016/5/13, 53, 66, 67, 19, 
2016/5/14, 64, 73, 72, 14, 
2016/5/15, 71, 69, 72, 14, 
2016/5/16, 61, 61, 72, , 
2016/5/17, 60, 61, 70, , 
2016/5/18, 63, 67, 52, , 
2016/5/19, 64, 55, 44, 16, 
2016/5/20, 44, 50, 40, 15, 
2016/5/21, 36, 54, 38, 14, 
2016/5/22, 34, 46, 36, 15, 
2016/5/23, 32, 37, 42, 14, 
2016/5/24, 31, 35, 52, 16, 
2016/5/25, 31, 36, 58, 16, 
2016/5/26, 27, 50, 58, 14, 
2016/5/27, 35, 54, 52, 14, 
2016/5/28, 41, 47, 52, , 
2016/5/29, 40, 43, 54, , 
2016/5/30, 42, 40, 62, 12, 
2016/5/31, 49, 43, 70, 12, 
2016/6/1, 42, 52, 70, , 
2016/6/2, 35, 59, 74, 14, 
2016/6/3, 36, 62, 64, 14, 
2016/6/4, 37, 62, 64, 16, 
2016/6/5, 47, 51, 58, 16, 
2016/6/6, 75, 63, 51, 15, 
2016/6/7, 58, 57, 56, 17, 
2016/6/8, 44, 43, 56, 19, 
2016/6/9, 38, 43, 50, 14, 
2016/6/10, 34, 38, 50, 13, 
2016/6/11, 31, 29, 50, 12, 
2016/6/12, 28, 28, 46, , 
2016/6/13, 30, 35, 48, 15, 
2016/6/14, 35, 40, 66, 15, 
2016/6/15, 41, 51, 66, 14, 
2016/6/16, 55, 71, 68, 27, 
2016/6/17, 70, 64, 74, 38, 
2016/6/18, 107, 65, 74, 42, 
2016/6/19, 135, 59, 72, 44, 
2016/6/20, 105, 33, 76, 40, 
2016/6/21, 59, 16, 76, 30, 
2016/6/22, 42, 20, 74, 21, 
2016/6/23, 27, 23, 72, , 
2016/6/24, 21, 21, 66, 19, 
2016/6/25, 21, 21, , 19, 
2016/6/26, 20, 23, , 19, 
2016/6/27, 23, 29, 26, 15, 
2016/6/28, 34, 29, 27, 12, 
2016/6/29, 35, 28, 26, 12, 
2016/6/30, 32, 29, 24, , 
2016/1/4, 52, 72, 37, 10, 29
2016/1/5, 57, 101, 51, , 
2016/1/6, 74, 100, 44, , 
2016/1/7, 75, 104, 31, , 
2016/1/8, 84, 90, 61, 15, 
2016/1/9, 70, 78, 61, 17, 
2016/1/10, 56, 82, 57, 14, 
2016/1/11, 62, 78, 59, 15, 
2016/1/12, 77, 79, 58, 12, 
2016/1/13, 85, 117, 51, 6, 
2016/1/14, 78, 114, 60, 9, 
2016/1/15, 70, 84, 45, 10, 
2016/1/16, 54, 55, 40, 9, 
2016/1/17, 43, 52, 40, 13, 
2016/1/18, 39, 53, 73, 14, 59
2016/1/19, 31, 66, 108, 12, 59
2016/1/20, 39, 75, 93, 14, 
2016/1/21, 62, 70, 107, 14, 
2016/1/22, 73, 86, 115, 9, 
2016/1/23, 86, 101, 128, 9, 
2016/1/24, 116, 90, 94, 14, 
2016/1/25, 99, 78, 94, 16, 
2016/1/26, 82, 62, 119, 12, 
2016/1/27, 58, 70, 146, 15, 
2016/1/28, 65, 83, 128, 19, 
2016/1/29, 73, , , , 
2016/1/31, 111, 104, 133, 23, 
2016/2/1, 106, 97, 128, 19, 
2016/2/2, 91, 83, 92, 17, 
2016/2/3, 81, 76, 136, 18, 
2016/2/4, 73, 86, 144, 20, 83
2016/2/5, 83, 74, 80, 20, 59
2016/2/6, 71, 59, 88, 23, 
2016/2/7, 56, 58, 105, 25, 111
2016/2/8, 52, 82, 148, 23, 106
2016/2/9, 77, 94, 113, 21, 59
2016/2/10, 99, 67, 78, 21, 
2016/2/11, 71, 51, 82, 21, 
2016/2/12, 50, 54, 117, 15, 
2016/2/13, 43, 79, 127, 13, 
2016/2/14, 61, 115, 142, 16, 
2016/2/15, 100, 109, 141, 25, 
2016/2/16, 112, 100, 146, 30, 
2016/2/17, 91, 93, 125, 23, 
2016/2/18, 88, 80, 117, 14, 
2016/2/19, 74, 74, 125, 14, 
2016/2/20, 59, 78, 101, 20, 
2016/2/21, 54, 88, 96, 19, 
2016/2/22, 59, 88, 116, 14, 104
2016/2/23, 60, 69, 118, 16, 75
2016/2/24, 46, 58, 119, 17, 59
2016/2/25, 41, 65, 134, 16, 
2016/2/26, 44, 78, 137, 19, 
2016/2/27, 53, 93, 131, 19, 
2016/2/28, 65, 99, 136, 16, 
2016/2/29, 71, 95, 143, 18, 
2016/3/1, 66, 75, 87, 19, 
2016/3/2, 49, 71, 92, 20, 
2016/3/3, 48, 59, 161, 21, 104
2016/3/4, 45, 49, 164, 23, 86
2016/3/5, 36, 56, 84, 26, 59
2016/3/6, 38, 57, 93, 19, 
2016/3/7, 36, 69, 127, 18, 
2016/3/8, 43, 87, 131, 17, 63
2016/3/9, 54, 94, 122, 17, 59
2016/3/10, 60, 93, 133, 18, 
2016/3/11, 59, 74, 116, 18, 
2016/3/12, 50, 66, 110, 16, 
2016/3/13, 38, 61, 97, 16, 
2016/3/14, 27, 63, 105, , 
2016/3/15, 30, 79, 137, 19, 
2016/3/16, 40, 84, 104, 17, 
2016/3/17, 44, 89, 118, 24, 
2016/3/18, 53, 100, 122, 24, 
2016/3/19, 67, 111, 88, 14, 
2016/3/20, 76, 109, 69, 12, 
2016/3/21, 75, 111, 128, 9, 
2016/3/22, 76, 117, 129, 10, 
2016/3/23, 87, 127, 122, 12, 62
2016/3/24, 121, 120, 132, , 59
2016/3/25, 154, 106, 163, , 
2016/3/26, 126, 106, 173, , 
2016/3/27, 110, 118, 92, , 
2016/3/28, 164, 119, 103, 14, 
2016/3/29, 264, 89, 130, 14, 
2016/3/30, 89, 89, 120, , 
2016/3/31, 87, 65, 94, , 
2015/10/1, 95, 121, 38, 15, 3
2015/10/2, 77, 51, 30, 16, 4
2015/10/3, 42, 25, 16, , 8
2015/10/4, 23, 43, 46, 15, 9
2015/10/5, 41, 47, 9, 16, 18
2015/10/6, 49, 52, 68, , 12
2015/10/7, 49, 57, 76, 17, 11
2015/10/8, 49, 58, 76, 16, 6
2015/10/9, 52, 51, 50, 16, 3
2015/10/10, 39, 40, 29, 15, 3
2015/10/11, 25, 37, 29, 14, 3
2015/10/12, 22, 37, 10, 12, 3
2015/10/13, 22, 43, 8, 12, 2
2015/10/14, 30, 72, 39, 11, 4
2015/10/15, 68, 80, 34, 11, 6
2015/10/16, 67, 88, 32, , 7
2015/10/17, 76, 89, 7, , 13
2015/10/18, 82, 83, 29, 12, 8
2015/10/19, 69, 86, 41, 12, 14
2015/10/20, 72, 87, 18, , 20
2015/10/21, 71, 85, 12, , 38
2015/10/22, 73, 132, 57, 37, 50
2015/10/23, 118, 167, 64, 40, 26
2015/10/24, 105, 90, 18, 41, 12
2015/10/25, 55, 51, 61, 42, 14
2015/10/26, 53, 73, 59, 41, 14
2015/10/27, 53, 264, 13, 42, 8
2015/10/28, 55, 71, 64, 9, 6
2015/10/29, 47, 71, 73, 9, 11
2015/10/30, 48, 61, 69, , 14
2015/10/31, 50, 61, 67, , 17
2015/11/1, 58, 63, 31, , 23
2015/11/2, 59, 83, 57, , 48
2015/11/3, 47, 54, 58, , 50
2015/11/4, 42, 50, 56, , 53
2015/11/5, 44, 54, 62, , 48
2015/11/6, 51, 51, 68, , 34
2015/11/7, 46, 46, 54, , 14
2015/11/8, 43, 52, 53, , 16
2015/11/9, 51, 52, 51, 8, 18
2015/11/10, 54, 56, 61, 8, 10
2015/11/11, 58, 57, 61, , 4
2015/11/12, 63, 84, 60, 10, 
2015/11/13, 80, 84, 60, 10, 
2015/11/14, 80, , , , 
2015/11/16, 72, 92, 56, 8, 20
2015/11/17, 70, 90, 60, 8, 10
2015/11/18, 67, 85, 57, 9, 11
2015/11/19, 63, 75, 45, 8, 12
2015/11/20, 53, 69, 29, 8, 15
2015/11/21, 47, 60, 32, , 27
2015/11/22, 46, 55, 37, , 13
2015/11/23, 50, 49, 36, 9, 26
2015/11/24, 42, 83, 48, 9, 37
2015/11/25, 59, 101, 57, 8, 42
2015/11/26, 74, 106, 62, 8, 71
2015/11/27, 79, 126, 68, 8, 7
2015/11/28, 86, 118, 50, 8, 7
2015/11/29, 86, 98, 56, 8, 10
2015/11/30, 74, 107, 45, 8, 9
2015/12/1, 77, 83, 49, 9, 10
2015/12/2, 62, 76, 48, , 16
2015/12/3, 59, 82, 55, 8, 16
2015/12/4, 62, 97, 7, 8, 23
2015/12/5, 73, 108, 51, 12, 21
2015/12/6, 84, 98, 54, 9, 19
2015/12/7, 81, 119, 53, 9, 22
2015/12/8, 82, 143, 66, 9, 28
2015/12/9, 99, 109, 72, 10, 20
2015/12/10, 82, 83, 49, 9, 8
2015/12/11, 65, 66, 28, , 14
2015/12/12, 54, , , , 
2015/12/14, 63, 89, 37, , 34
2015/12/15, 71, 98, 37, , 29
2015/12/16, 77, 65, 39, , 33
2015/12/17, 53, 78, 54, , 36
2015/12/18, 61, 115, 80, , 29
2015/12/19, 80, 119, 42, , 7
2015/12/20, 83, 90, 32, 10, 32
2015/12/21, 80, 66, 30, 10, 41
2015/12/22, 55, 56, 61, , 29
2015/12/23, 42, 80, 62, , 
2015/12/24, 61, 102, 65, , 
2015/12/25, 80, 105, 63, , 33
2015/12/26, 85, 107, 70, , 29
2015/12/27, 83, 105, 68, , 37
2015/12/28, 83, 108, 7, , 59
2015/12/29, 80, 109, , , 
2015/7/10, 45, 106, 22, 17, 11
2015/7/11, 48, 137, 19, , 7
2015/7/12, 59, 101, 36, 16, 10
2015/7/13, 57, 155, 50, 17, 11
2015/7/14, 58, 154, 39, 31, 14
2015/7/15, 58, 92, 41, 15, 11
2015/7/16, 56, 89, 41, 30, 10
2015/7/17, 59, 99, 31, 20, 10
2015/7/18, 67, 98, 31, 15, 11
2015/7/19, 68, 93, 40, , 8
2015/7/20, 51, 88, 39, , 11
2015/7/21, 48, 62, 35, , 9
2015/7/22, 40, 68, 35, 16, 7
2015/7/23, 45, 75, 32, 11, 9
2015/7/24, 42, 78, 43, 10, 6
2015/7/25, 45, 74, 42, 9, 8
2015/7/26, 47, 80, 45, 27, 8
2015/7/27, 45, 80, 44, 24, 7
2015/7/28, 39, 87, 20, 18, 7
2015/7/29, 45, 68, 19, 20, 8
2015/7/30, 39, 64, 9, 17, 14
2015/7/31, 33, 68, 9, 17, 13
2015/8/1, 34, 132, 19, 16, 3
2015/8/2, 48, 93, 19, 20, 7
2015/8/3, 49, 72, 18, 11, 11
2015/8/4, 53, 82, 18, 7, 9
2015/8/5, 45, 67, 22, 17, 6
2015/8/6, 38, 74, 25, 14, 13
2015/8/7, 43, 63, 17, 20, 11
2015/8/8, 43, 63, , , 11
2015/8/9, 43, , , , 
2015/8/14, 41, 68, 21, 19, 12
2015/8/15, 39, 84, 19, 30, 13
2015/8/16, 39, 138, 19, 18, 12
2015/8/17, 42, 58, 21, 18, 7
2015/8/18, 33, 58, 22, 20, 7
2015/8/19, 36, , , , 
2015/8/24, 32, 55, 24, 25, 21
2015/8/25, 32, 54, 29, 8, 20
2015/8/26, 34, 51, 17, 16, 14
2015/8/27, 33, 42, 11, 11, 21
2015/8/28, 34, 40, 8, 12, 20
2015/8/29, 32, 40, 8, , 21
2015/8/30, 32, 52, 15, 13, 23
2015/8/31, 34, 53, 13, 13, 24
2015/9/1, 35, , , , 
2015/9/4, 60, 121, 62, 15, 28
2015/9/5, 71, 134, 62, 15, 22
2015/9/6, 74, , , , 
2015/9/8, 48, 74, 46, 8, 20
2015/9/9, 48, , , , 
2015/9/11, 74, 82, 49, 11, 7
2015/9/12, 75, , , , 
2015/9/14, 68, 75, 31, 10, 2
2015/9/15, 66, 72, 20, 31, 39
2015/9/16, 57, 72, 19, 30, 40
2015/9/17, 57, 78, 24, 16, 39
2015/9/18, 60, 77, 32, 19, 12
2015/9/19, 44, 77, 32, 21, 2
2015/9/20, 38, 71, 27, 20, 4
2015/9/21, 19, 73, 14, 18, 24
2015/9/22, 17, 80, 24, 16, 22
2015/9/23, 28, 75, 13, 15, 8
2015/9/24, 42, 75, 20, 15, 6
2015/9/25, 51, , , , 
2015/9/28, 68, 98, 19, 14, 14
2015/9/29, 64, 107, 30, 15, 17
2015/9/30, 72, 126, 21, 16, 4
2021/7/13, , 17, 57, 12, 51
2020/7/3, , 16, 61, 9, 33
2020/7/15, , 14, 59, , 
2020/7/16, , 16, 59, , 
2020/7/17, , 19, 59, , 
2020/7/18, , 20, 55, , 
2020/7/24, , 20, 55, 10, 51
2020/7/26, , 18, 55, 11, 51
2020/8/4, , 15, 44, 10, 51
2020/8/8, , 26, 55, , 
2020/8/15, , 23, 57, 10, 
2020/8/19, , 19, 36, 10, 51
2020/8/22, , 20, 53, , 
2020/8/23, , 20, 55, 8, 51
2020/9/24, , 17, 50, 10, 
2020/9/25, , 22, 51, 10, 
2020/3/31, , 37, 50, 7, 39
2020/6/23, , 30, 66, , 
2019/12/31, , 50, 57, 18, 20
2019/12/1, , 55, 30, 20, 38
2018/12/31, , 55, 26, 47, 28
2018/4/15, , 69, , , 30
2018/4/22, , 70, 21, , 18
2017/12/31, , 93, 22, 25, 53
2017/11/5, , 85, 82, 22, 22
2017/12/14, , 49, 78, , 52
2017/7/23, , 34, 25, , 54
2017/7/30, , 31, 22, , 12
2017/9/10, , 31, 30, 8, 11
2017/6/26, , 28, 18, 20, 82
2017/2/7, , 91, 41, 21, 73
2016/12/12, , 79, 80, 14, 45
2016/7/10, , 27, 16, , 
2016/7/17, , 26, 16, 13, 
2016/8/16, , 28, 26, , 
2016/9/4, , 40, 38, , 
2016/1/3, , 69, 66, 10, 33
2016/1/30, , 107, 126, 26, 
2015/11/15, , 73, 61, 9, 11
2015/12/13, , 75, 17, , 25
2015/7/9, , 94, 21, 17, 13
2015/8/13, , 60, 17, 16, 16
2015/8/23, , 52, 19, 74, 24
2015/9/3, , 91, 16, 17, 37
2015/9/7, , 74, 46, 8, 20
2015/9/10, , 82, 54, 11, 8
2015/9/13, , 73, 35, 10, 6
2015/9/27, , 104, 19, 14, 9
2017/2/6, , , , 20, 